index	date	category	url	title	body	title_google_translated	body_google_translated_distilbart_summarized
N0	2023-09-01	Politics	https://n.news.naver.com/mnews/article/014/0005065059?sid=100	"[속보]尹 ""10월2일 임시공휴일 지정, 연휴기간 고속도로 통행료 면제"""	"윤석열 대통령은 31일 ""10월2일을 임시공휴일로 지정하고 60만장의 숙박 할인 쿠폰 배포와 함께 연휴 기간 고속도로 통행료를 면제할 것""이라고 밝혔다. 윤 대통령은 이날 서울 용산 청사에서 비상경제민생회의를 주재하고 ""추석 성수품 공급을 역대 최대 규모로 확대하고 농수축산물 수급과 가격 안정을 위해 670억원 규모의 농수축산물 할인 지원을 하겠다""며 이같이 말했다. 아울러 윤 대통령은 ""외국인 관광객 증가가 내수경기 활성화로 이어질 수 있도록 항공편 증편과 입국 절차 간소화를 추진하겠다""며 ""모바일 페이 등 결제 편의를 높이고 한국 관광에 대한 현지 홍보를 강화하겠다""고 설명했다."	"[Breaking news] 尹 ""October 2nd designated as a temporary holiday, expressway toll free during the holiday period"""	" President Yoon Seok-yeol said on the 31st, “We will designate October 2 as a temporary holiday, distribute 600,000 lodging discount coupons, and exempt highway tolls during the holiday season’s holiday season . He said, ""We will expand the supply of Chuseok sacred products to the largest scale ever"""
N1	2023-09-01	Politics	https://n.news.naver.com/mnews/article/079/0003807410?sid=100	"北 ""남반부 전 영토 점령 전군지휘훈련 실시""…김정은 지휘소 방문"	"북한의 조선인민군 총참모부는 30일 B1-B 전략폭격기 등 미국 전략자산을 동원한 한미연합훈련에 대응해 '중요지휘거점과 작전비행장들'의 초토화를 가상한 전술핵타격훈련을 실시했다고 31일 밝혔다. 북한은 ""전술탄도미사일 2발을 발사했으며 목표 섬 상공의 설정고도 400m에서 공중 폭발시켜 핵 타격 임무를 정확히 수행했다""고 주장했는데, 합참은 ""어제 밤 11시40분부터 11시50분까지 북한이 순안 일대에서 동해상으로 발사한 단거리 탄도미사일 2발을 포착했다""고 밝힌 바 있다. 총참모부의 전술핵타격훈련에 하루 앞서 김정은 국무위원장이 29일 총참모부 훈련지휘소를 직접 방문해 북한군의 전군지휘훈련에 대한 보고를 받는 등 훈련실태를 점검한 것으로 나타났다. 북한이 한미연합을지훈련에 대응해 ""남반부 전 영토를 점령하는데 총적목표""를 둔 전군지휘훈련을 실시하는 가운데 김 위원장이 지휘소를 방문해 훈련실태를 점검한 데 이어 '전술핵타격훈련'까지 실시한 것으로 관측된다. 북한이 한미연한훈련에 맞서 전군지휘훈련을 실시하지만 이를 구체적으로 공개하고 선전한 것은 이번이 처음이다. 북한의 노동당 기관지 노동신문은 이날 '조선인민군 총참모부 보도' 형식을 통해 ""30일 미제는 핵전략폭격기 《B-１B》편대를 조선동해와 서해상공에 끌어들여 《대한민국》군사깡패들의 전투기들과 함께 조선민주주의인민공화국을 겨냥한 연합공격편대군훈련을 감행했다""며, ""《을지 프리덤 쉴드》가 최절정에 달하고 있는 시점에 감행된 이번 훈련은 명백히 조선민주주의인민공화국에 대한 핵 선제타격기도에 따른 것으로서 우리에게 심각한 위협으로 된다""고 밝혔다. 총참모부는 ""이에 대처해 조선인민군은 30일 밤 《대한민국》군사깡패들의 중요지휘거점과 작전비행장들을 초토화해버리는 것을 가상한 전술핵타격훈련을 실시했다""며, ""조선인민군 서부지구 전술핵운용부대가 해당 군사 활동을 진행했다""고 밝혔다. 북한의 총참모부는 이번 훈련이 ""전략자산 전개라는 군사적위협행위로 도전해 나선 적들에게 분명한 신호를 보내고 단호한 응징의지와 실질적인 보복능력을 명백히 재인식시키기 위한데 목적이 있다""면서, ""조선인민군은 미군과 《대한민국》군사깡패들의 경거망동을 절대로 좌시하지 않을 것""이라고 위협했다. 이번 훈련에 앞서 김정은 위원장은 원수 계급의 박정천과 강순남 국방상을 대동하고 ""２9일 조선인민군 총참모부 훈련지휘소를 방문해 전군 지휘훈련 진행정형을 료해(파악)했다""고 신문은 보도했다. 김 위원장은 전군지휘훈련을 판정 검열하고 있는 총참모부로부터 ""전쟁발생시 시간별, 단계별정황에 따르는 적군과 아군의 예상 행동기도""에 대한 보고를 받았다. 김정은은 ""원쑤들의 불의적인 무력침공을 격퇴하고 전면적인 반공격으로 이행하여 남반부 전 영토를 점령하는데 총적목표를 둔 연습 참모부의 기도와 그를 관철하기 위한 각급 대연합부대, 연합부대 참모부들의 작전계획전투문건들을 요해""하고 ""유사시 전선 및 전략 예비 포병이용계획과 적후전선형성계획, 해외무력개입파탄계획 등 총참모부의 실제적인 작전계획문건들을 구체적으로 검토""했다고 노동신문은 전했다. 김정은은 이어 ""작전 초기에 적의 전쟁잠재력과 적군의 전쟁지휘 구심점에 심대한 타격을 가하고 지휘통신 수단들을 맹목시켜 초기부터 기를 꺾어놓고 전투행동에 혼란을 주며 적의 전쟁수행의지와 능력을 마비시키는데 최대의 주목을 돌릴 데 대하여 강조""했다. 아울러 ""적들의 중추적인 군사지휘거점들과 군항과 작전비행장 등 중요군사대상물들, 사회정치, 경제적 혼란사태를 연발시킬 수 있는 핵심요소들에 대한 동시다발적인 초강도 타격을 가하며 다양한 타격수단에 의한 부단한 소탕전과 전선공격작전, 적후에서의 배후 교란작전을 복합적으로, 유기적으로 배합 적용하여 전략적 주도권을 확고히 틀어쥘 데 대한 문제""을 강조했다. ""특히 적의 그 어떤 반작용으로부터도 타격수단들을 철저히 보존하기 위한 대책을 철저히 세울 데 대한 문제, 작전지휘체계와 화력지휘통신방식을 전면 갱신할 데 대한 문제 등 앞으로의 작전조직과 지휘, 전쟁준비에서 인민군대가 견지하여야 할 전면적인 과업들과 원칙적요구와 방도들을 구체적으로 밝혔다""고 신문은 보도했다. 김정은은 각종 한미연합훈련에 대해 ""철저히 대응해야 할 필요성을 다시금 강조""하면서, ""조성된 국가안전 환경과 정세의 요구에 맞게 군대의 작전지휘훈련과 실동실전훈련을 더욱 강화하기 위한 일련의 중요지시""를 내리고 ""전쟁준비를 보다 확고히 완비하기 위한 전면적인 과업과 방도들""을 천명했다고 했다. 김정은은 이번 지휘소 방문에서도 한반도 지도를 내려보고, 또 수도권과 충남 계룡대 인근을 아우르는 지역을 가리키며 작전계획을 점검하는 모습을 연출했다. 북한이 한미연한훈련에 대응한 전군지휘훈련과 김정은의 지휘소 방문사실을 구체적으로 공개한 것은 한미에 대한 대응 의지를 애써 과시하고 내부적으로도 북한 인민들의 긴장을 끌어올려 대비태세를 강조한 것으로 풀이된다. jebo@cbs.co.kr @노컷뉴스 https://url.kr/b71afn"	"North Korea ""Occupation of all territories in the southern half, conduct of military command training""... Visit to Kim Jong-un's command post"	" 30-year-old B1-B    -  B-1  buses are more than 400 meters long .   ""B1-2"" is a standard B-1 standard standard for a long-distance bike ride ."
N2	2023-09-01	Politics	https://n.news.naver.com/mnews/article/052/0001929604?sid=100	"추경호 ""새만금 사업 반대 아냐...잼버리와 무관"""	추경호 부총리 겸 기획재정부 장관은 내년도 새만금 사회간접자본, SOC 예산 삭감과 관련해 새만금 사업을 반대하는 것이 아니라고 밝혔습니다. 추 부총리는 오늘(30일) 국회 예산결산특별위원회 종합정책질의에서 더불어민주당 의원들 질의에, 잼버리 사업과 전혀 관련 없이 예산은 예산 편성 원칙에 따라 편성했다고 답했습니다. 이어 내년도 SOC 사업은 모두 원점 재검토 원칙에 따라 사업별 진행 상황과 필수 소요를 반영하고 있고 새만금 사업도 동일한 원칙에 따라서 현재 편성해 진행하고 있다고 설명했습니다. ※ '당신의 제보가 뉴스가 됩니다' YTN 검색해 채널 추가 02-398-8585 social@ytn.co.kr	"Kyung-ho Choo ""I'm not opposed to the Saemangeum project... nothing to do with the Jamboree"""	 Deputy Prime Minister Choo Kyung-ho said he was not opposed to the Saemangeum project in relation to next year's social overhead capital and SOC budget cuts . Next year's SOC projects are all reflecting the progress and essential requirements of each project according to the origin review principle .
N3	2023-09-01	Politics	https://n.news.naver.com/mnews/article/421/0007020611?sid=100	"취임 1년 이재명, 무기한 단식 돌입…""국민항쟁 시작""(종합)"	"(서울=뉴스1) 정재민 박종홍 기자 = 당 대표 취임 1주년을 맞은 이재명 더불어민주당 대표가 31일 ""무능 폭력정권을 향해 국민 항쟁을 시작하겠다""며 ""마지막 수단으로 오늘부터 무기한 단식을 시작한다""고 밝혔다. 이 대표는 이날 국회에서 취임 1주년 기자간담회를 열고 윤석열 정부를 향해 ""대통령은 민생파괴 민주주의 훼손에 대해 국민께 사죄하고 국정방향을 국민 중심으로 바꾸라""며 ""일본 핵 오염수 방류 반대 입장을 천명하고 전면적 국정쇄신과 개각을 단행하라""고 요구했다. 이 대표는 ""민주주의 파괴에 맞서 국민과 함께 민주주의를 지켜내겠다""면서 ""사즉생의 각오로 민주주의 파괴를 막아내겠다""고 강조했다. 검찰 소환조사를 앞두고 있는 것과 관련해선 ""단식한다고 해서 일을 포기하진 않을 것""이라며 ""검찰 수사 역시 전혀 지장받지 않을 것""이라고 말했다. 무기한 단식 종료 조건에 대해선 ""단식은 조건을 붙이는 것이 아니다""며 ""국민의 절망감에 깊은 책임감을 느끼고 반성하면서 그 고통과 아픔, 슬픔, 좌절에 함께 하겠다는 뜻""이라고 말했다. 이 대표는 이날 오후 1시부터 국회 본관 현관 앞에서 무기한 단식에 돌입한다. 그는 자신을 둘러싼 각종 사법리스크에 대해선 '검찰 스토킹'이라고 규정하며 ""만약 제가 정말 범죄를 저지르고 사적 이익을 취했다면 지금까지 살아 남았겠느냐""며 자신감을 내비쳤다. 이 대표는 ""지금까지 윤석열 정권 들어 2년 가까이 400번 넘는 압수수색을 통해 그야말로 먼지털 듯 털고 있지만 단 하나의 부정 증거도 없다""고 했다. 아울러 ""만약 제가 정말 범죄를 저지르고 사적 이익을 취했다면 지금까지 살아았겠는가""라며 ""상대가 우리 약점인 내부분열을 획책하고 국가권력을 악용해서 하지 않아도 될 일을 하게 하는 건 폭력""이라고 말했다. 그러면서 ""이럴 때일수록 더 의지를 굳건히 하고 반드시 싸워서 이긴다는 투지로 끝내 싸워서 이길 것""이라고 강조했다. 아울러 자신을 둘러싼 국회 체포동의안 제출 가능성을 두고는 ""이게 구속할 사유에 해당한다고 보는가""라고 되물었다. 이 대표는 ""대한민국이 사회주의 국가인가""라며 ""이재명이 하는 일에 대해서만 검찰은 공산주의자가 되고 있다. 이재명만 예외""라고 강변했다. 이 대표는 윤석열 정부에 대한 비판을 이어갔다. 그는 ""국민의 생명과 안전을 지키고 민생을 지켜야할 정권이 안전을 걱정하는 국민의 목소리를 괴담이라 매도하며 겁박하고, 국민과 싸우겠다고 선전포고한다""며 ""2023년 민주공화국의 헌정질서가 파괴되고 있다""고 했다. 이어 ""정권은 국민의 안전과 재산을 위협하고 해양주권을 침해하는 일본의 핵폐수 투기테러에도 저항은커녕 맞장구치며 공범이 되었다""며 ""먹고사는 것도 어려운데 이념전쟁으로 국민 갈라치기를 시작했다. 독립전쟁영웅 홍범도 장군을 공산당으로 매도하며 흉상 철거를 공언했다""고 덧붙였다. 그러면서 ""서울-양평고속도로 종점이 느닷없이 대통령처가 땅쪽으로 바뀌고 의혹이 제기되자 수조원대 국책사업을 느닷없이 백지화한다""며 ""권력사유화와 국정농단으로 나라가 무너진다""고 비판했다. 이 대표는 내년 총선 전략을 묻는 말엔 ""국회 과반수를 차지한 민주당이 (윤 정권을) 막기에 퇴행하지 못하고 있는 것""이라며 ""이 퇴행을 막고 국민의 삶을 지키기 위해 반드시 한 석이라도 이겨야 한다. 가용 자원을 총동원하고 총력을 다해야 한다""고 말했다. 그는 자신을 둘러싼 당내 퇴진 여론, 계파 간 갈등에 대해선 ""현 지도 체제에 불만을 가진 경우가 어떻게 없겠는가""라며 ""북한에서도 김정은이 물러났으면 하는 사람이 없겠는가""라고 했다."	"Lee Jae-myeong, indefinite fasting for one year in office... ""Start of National Struggle"" (Comprehensive)"	" Representative Lee Jae-myung, the representative of the Democratic Party of Korea, said, “I will start a national struggle against the incompetent and violent regime"" Representative Lee will begin an indefinite fast in front of the main entrance of the National Assembly from 1:00 pm on this day . He defined various judicial risks surrounding him as 'prosecutor stalking' and expressed his confidence ."
N4	2023-09-01	Politics	https://n.news.naver.com/mnews/article/052/0001930162?sid=100	'항명' 혐의 前 해병대 수사단장, 오늘 구속영장 심사	항명 혐의를 받는 박정훈 전 해병대 수사단장이 구속 갈림길에 섭니다. 박 전 단장 측과 군 당국에 따르면 오늘(1일) 오전 박 전 단장에 대한 구속 전 피의자 심문이 서울 용산구 군사법원에서 열릴 예정입니다. 박 전 단장은 해병 순직 사건을 민간 경찰에 넘기는 과정에서 이첩 보류 지시를 어겼다는 혐의를 받고 있습니다. 앞서 국방부 검찰단은 그제(30일) 박 전 단장이 계속 수사를 거부하고 있는 상황에서 사안의 중대성과 증거인멸 우려가 있다며 구속영장을 청구했습니다. ※ '당신의 제보가 뉴스가 됩니다' YTN 검색해 채널 추가 02-398-8585 social@ytn.co.kr	Ex-Marine Corps chief of investigation charged with 'rebellion', today's arrest warrant review	 Former Marine Corps investigation chief Park Jung-hoon, who is suspected of mutiny, is at a crossroads in his arrest . An interrogation of the suspect before arrest for former director Park will be held at the Military Court in Yongsan-gu, Seoul on the morning of the 1st .
N5	2023-09-01	Politics	https://n.news.naver.com/mnews/article/052/0001929696?sid=100	 北, 탄도미사일 발사…한미 연합훈련 반발[YTN 실시간뉴스]	■ 북한이 어젯밤 동해 상으로 단거리 탄도 미사일 2발을 발사했습니다. 한미 연합훈련의 일환으로 일명 죽음의 백조, B-1B가 서해 상에 전개된 데 반발하는 것으로 풀이됩니다. ■ 북한 김정은 국무위원장과 푸틴 러시아 대통령이 서한을 교환하는 등 북러 간 무기 거래 협상이 활발히 진행되고 있다고 미 백악관이 밝혔습니다. 이에 대해 유엔 주재 한미일 3국 대사들은 유엔 안보리 결의에 위배된다며 협상을 중단할 것을 촉구했습니다. ■ 윤석열 대통령이 오늘 비상경제 민생회의를 주재하고 민생 물가 안정 방안을 논의합니다. 명절 성수품 물가 안정 대책과, 유류세 인하 등 민생부담 경감 계획 등을 점검할 예정입니다. ■ 오늘부터 코로나19 감염병 등급이 '독감'과 같은 4급으로 하향 전환됩니다. 병원에서 코로나19 검사를 받을 경우 신속항원 검사와 유전자증폭 검사 모두 돈을 내야 하고, 입원치료비의 경우 중증 환자만 지원받을 수 있습니다. ■ 시속 200km가 넘는 강풍을 동반했던 허리케인 '이달리아'가 미국 플로리다에 상륙해 홍수와 정전 등 피해가 속출하고 있습니다. 해안가 주민에 대피 명령이 내려진 가운데 플로리다주는 비상사태를 선포했습니다. ■ 오늘 중부 지방은 맑은 날씨를 회복하겠고 영남과 제주도를 중심으로는 비가 이어집니다. 주말인 내일은 남부 지방에, 휴일에는 다시 전국에 비 소식이 있습니다.	North Korea launches ballistic missile... Opposition to the ROK-US joint training [YTN real-time news]	 North Korea fired two short-range ballistic missiles into the East Sea last night . It is interpreted as a reaction against the deployment of the so-called swans of death, B-1B, in the West Sea as part of the ROK-US joint training . President Yoon Seok-yeol presides over an emergency economy and public livelihood meeting .
N6	2023-09-01	Politics	https://n.news.naver.com/mnews/article/214/0001296918?sid=100	"한동훈, 이재명 단식에 ""개인 토착 비리 형사 사건‥단식해도 그대로 진행"""	"한동훈 법무부 장관은 더불어민주당 이재명 대표의 단식 선언을 두고 ""개인 비리 수사에 단식으로 맞서는 것인가. 워낙 맥락 없는 일이라 국민들께서 공감하실지 모르겠다""고 말했습니다. 한 장관은 오늘 예산결산특별위원회 전체회의에 출석하기 위해 찾은 국회에서 취재진에게 ""'마음에 안 든다고 단식해선 안 된다'고 이 대표 본인이 말씀했다""고 했습니다. 이 대표 수사에 대해선 ""개인 토착 비리 형사 사건 수사""라며 ""절차에 따라 진행될 것이고, 조사받는 사람이 어떻게 생각하는지는 중요한 것 같지 않다""고 밝혔습니다. '이 대표 단식으로 수사에 차질이 생길 수 있느냐'는 질문에는 ""그렇게 따진다면 절도죄, 사기죄를 짓거나 소환을 받았을 때 단식하면 수사가 없어지겠느냐""며 ""형사 사건은 그대로 진행되는 것""이라고 말했습니다. '검찰이 출석을 통보한 다음 달 4일 이 대표가 민주당 최고위원회의에 참석해 또 불출석할 수 있다'는 질의에 대해서는 ""여기 있는 우리 모두 다 생업이 있고 일정이 있다""고 답변했습니다. 한 장관은 ""그렇지만 국민들은 일정한 기간을 정해 소환 통보를 하고 거기에 대해 본인이 할 말이 있으면 수사기관에 출석해 충분히 입장을 밝힌다. 그게 시스템""이라고 덧붙였습니다."	"Han Dong-hoon, Lee Jae-myung on a fast ""individual native corruption detective case. Even if you fast, proceed as it is"""	" Justice Minister Han Dong-hoon said, ""Are you fasting against the investigation of personal corruption? I don't know if the people will sympathize because it's so contextless"" Minister Han told reporters at the National Assembly today to attend the general meeting of the Special Committee on Budget and Accounts ."
N7	2023-09-01	Politics	https://n.news.naver.com/mnews/article/586/0000063734?sid=100	"윤재옥, 김남국 제명안 부결에 ""예견된 일…또 방탄정당 면모 과시"""	"윤재옥 국민의힘 원내대표가 거액의 가상자산(코인) 보유 및 거래 논란으로 더불어민주당을 탈당한 김남국 의원의 제명안이 부결된 데 대해 ""예견된 일이었다""며 ""민주당은 또다시 방탄 정당의 면모를 유감없이 과시했다""고 비판했다. 윤 원내대표는 31일 오전 전남 순천만정원에서 열린 현장최고위원회에서 ""김남국 의원 제명안이 전날 국회 윤리특위 소위 투표에서 3대3으로 부결됐다. 소위가 여·야 동수로 구성돼 있어서 민주당 위원 전원이 반대표를 던진 것""이라며 이같이 말했다. 그는 ""김남국 의원의 민주당 탈당 때부터 예견됐던 것""이라며 ""민주당은 김 의원의 차기 총선 불출마 선언을 고려해야 한다고 했지만, 이게 김남국 의원 행위에 대한 면죄부가 될 수는 없다""고 지적했다. 윤 원내대표는 국민의힘은 물론 정의당과 민주당 일각에서조차 김 의원의 제명에 동의했으며, 그것이 윤리자문위 권고까지 이어진 이유라고 설명했다. 그러면서 ""(김 의원 제명안 부결은) 국민에 대한 배신이라고 밖에 볼 수 없다""며, 윤리위 표결 직전 김 의원이 돌연 내년 총선에 불출마하겠다고 선언한 것을 두고 ""제명을 피하기 위한 꼼수였고, 민주당과 김 의원 막후 공모의 결과라고 밖에 볼 수 없다""고 지적했다. 또 ""민주당은 김남국의 무의미한 불출마 선언을 국민 신뢰와 바꾼 것""이라며 ""민심을 두려워하지 않는 정당을 기다리는 것은 민심의 준엄한 심판""이라고 쏘아붙였다. 윤 원내대표는 일본의 원전 오염수 방류와 관련해 ""(민주당의) 일본 후쿠시마 원자력발전소 처리수 방류 반대는 빌미에 불과하고, 본심은 총선을 앞두고 정권심판론에 불을 붙이는 데 있다""고 비난했다. 이어 ""전남에 와서 수산업 걱정된다며 실제로는 처리수에 대한 공포를 조장하는 대규모 집회를 열었다""며 ""어제 민주당은 규탄대회를 열고 국민들께 '정권 심판을 위해 대정부 항쟁에 나서라'고 대놓고 부추기기도 했다""고 꼬집었다. 그는 ""정부 여당은 수산업 종사자들이 안심할 때까지 수산물 소비 진작을 위해 최대한 범정부적 차원에서 노력할 것""이라며 ""가짜뉴스로 인한 피해 보상을 적극적으로 하겠다""고 약속했다. 이어 민주당을 향해 ""이제는 혼자만의 전쟁에서 빠져나와 수산업을 지키려는 국민과 정부 노력에 동참해야 한다""고 촉구했다."	"Yoon Jae-ok, in the rejection of Kim Nam-guk's expulsion, ""It was predicted... Another bulletproof party show off"""	" Rep. Kim Nam-guk, who left the Democratic Party due to controversy over holding and trading a large amount of virtual assets (coins) People's Power floor leader Jae-ok Yoon said, “It was predicted,” and “The Democratic Party again regrets the appearance of a bulletproof party,"" he said ."
N8	2023-09-01	Politics	https://n.news.naver.com/mnews/article/052/0001929984?sid=100	"여권 방심위원들, ""정민영 위원 이해충돌 신속히 조사해야"""	방송통신심의위원회 여권 성향 위원들이 야권 성향 정민영 위원의 이해충돌 여부에 대해 국민권익위원회가 신속히 조사해 결론을 내려달라고 촉구했습니다. 황성욱 방심위원장 직무대행 등 여권 성향 방심위원 4명은 공개 간담회를 열고 언론 보도로 알려진 정민영 위원의 이해충돌 의혹은 방심위의 존립 근거와 관련된 심각한 사안이므로 권익위가 신속히 결론을 내려줘야 한다고 밝혔습니다. 변호사인 정민영 위원은 최근 언론 보도를 통해 윤석열 대통령의 비속어 발언 논란과 손석희 전 JTBC 대표의 동승자 의혹 논란 보도 등과 관련한 소송에서 MBC 측을 대리한 점이 알려져 시민단체에 의해 권익위에 고발을 당했습니다. 방심위 사무처는 이와 관련해 정 위원에게 사실 확인을 위한 전체회의 출석을 요청했지만, 출석이 힘들다는 답변을 받았다고 답했습니다. 방송통신심의위는 방송과 통신 분야 내용 심의를 담당하는 기구로 위원 9명 중 1명이 결원이며 여야 4대4 구도로 이뤄져 있습니다. ※ '당신의 제보가 뉴스가 됩니다' YTN 검색해 채널 추가 02-398-8585 social@ytn.co.kr	"Passport vigilance committee members, ""We must quickly investigate the conflict of interest of Commissioner Min-young Jeong"""	 Passport-oriented members of the Korea Communications Standards Commission urged the Anti-Corruption and Civil Rights Commission to quickly investigate and draw conclusions about whether opposition-oriented member Jeong Min-young had a conflict of interest . The ACRC must come to a conclusion quickly, the passport-oriented vigilance committee members said .
N9	2023-09-01	Politics	https://n.news.naver.com/mnews/article/056/0011556911?sid=100	육사, 홍범도 장군 흉상 외부로 이전 결정	육군사관학교가 교내에 있는 홍범도 장군 흉상을 외부로 옮기기로 결정했습니다. 육사는 오늘(31일) 교내 충무관 입구와 내부에 설치된 독립투사 6위의 흉상과 관련해 각계각층의 의견을 고려했다며 이같이 밝혔습니다. 홍범도 장군 흉상은 육사의 정체성과 독립투사로서의 예우를 동시에 고려해 육사 외 독립운동 업적을 잘 드러낼 수 있는 적절한 장소로 이전하기로 했습니다. 또, 홍범도 장군 외에 지청천, 이범석, 김좌진 장군과 이회영 선생, 충무관 내에 있는 박승환 참령의 흉상은 육사 교정 내 적절한 장소로 이전하기로 했습니다. 육사는 구체적인 사항은 육사 내 '기념물 종합계획'이 완료되는 대로 시행할 계획이라고 설명했습니다. 아울러, 육사는 졸업생과 교직원 등의 의견을 듣고, 육사의 설립 목적과 교육목표에 부합되게 육군사관학교장 책임 하에 기념물 재정비 계획을 추진하겠다고 덧붙였습니다. ■ 제보하기 ▷ 전화 : 02-781-1234, 4444 ▷ 이메일 : kbs1234@kbs.co.kr ▷ 카카오톡 : 'KBS제보' 검색, 채널 추가 ▷ 네이버, 유튜브에서 KBS뉴스를 구독해주세요!	Decided to relocate the bust of General Hong Beom-do to the outside	 The Korea Military Academy has decided to move the bust of General Hong Beom-do outside the campus . It was decided to relocate the bust to an appropriate place where the achievements of the independence movement other than the army could be well displayed . The military explained that the specific details would be implemented as soon as the 'comprehensive monument plan' within the military was completed .
N10	2023-09-01	Economics	https://n.news.naver.com/mnews/article/011/0004232379?sid=101	전국 아파트 매매가 7주 연속 상승…상승폭 소폭 줄어 [집슐랭]	전국의 아파트 매매가가 7주 연속 상승세를 기록했다. 다만 상승폭은 소폭 줄어들며 숨 고르기에 들어간 모양새다. 31일 한국부동산원은 2023년 8월 넷째주(28일 기준) 전국 주간 아파트가격 동향을 조사한 결과 매매가격이 전주(0.07%)보다 0.01%포인트 축소된 0.06% 상승했다고 밝혔다. 이로써 전국 아파트 매매가는 7주 연속 상승을 기록했다. 시도별로는 서울의 상승률이 0.13%로 가장 높았다. 이어 경기(0.12%), 인천(0.08%), 강원(0.07%) 등이 뒤를 이었다. 충북과 경남은 보합(0.00%)을 기록한 반면, 제주(-0.04%)와 전남(-0.03%), 부산(-0.03%), 광주(-0.02%) 등은 하락했다. 서울의 경우 구축과 신축 간의 차이가 두드러졌다. 부동산원은 구축은 매도 희망가와 매수 희망가가 차이를 보이면서 관망세를 보이는 반면 개발사업 기대감이 있거나 선호되는 신축은 매매가가 오르고 있다고 설명했다. 전세가의 상승세도 계속됐다. 같은 기간 전국 주간 아파트 전세가는 전주와 마찬가지로 0.07% 상승했다. 시도별로는 경기의 상승률이 0.15%로 가장 높았고, 서울(0.14%)과 인천(0.11%), 대전(0.08%) 등이 뒤를 이었다. 경남(0.00%)과 광주(0.00%), 울산(0.00%)은 보합을, 대구(-0.04%), 부산(-0.04%), 제주(-0.02%), 전남(-0.01%) 등은 하락했다. 부동산원은 “서울은 전반적으로 전세 매물이 부족한 현상을 보이는 가운데 교통 여건이 양호한 선호단지 위주로 저가 매물이 소진되고 매수 문의가 꾸준히 유지되며 상승 거래가 발생하고 있다”고 설명했다. *‘집슐랭 연재’ 구독을 하시면 부동산 시장 및 재테크와 관련한 유익한 정보를 실시간으로 생생하게 전달받으실 수 있습니다.	National apartment sales rise for 7 consecutive weeks… Increase rate slightly decreased [Gipchelin]	 Apartment sales prices across the country recorded an upward trend for seven consecutive weeks . The Korea Real Estate Agency investigated the national weekly apartment price trends for the fourth week of August 2023 (as of the 28th), and the sales price increased by 0.06%, a decrease of 0.07% from the previous week . By province, the rate of increase in Seoul was the highest at 0.13% .
N11	2023-09-01	Economics	https://n.news.naver.com/mnews/article/421/0007020885?sid=101	레인보우로보틱스, 삼성웰스토리와 업무협약 소식에 27% 급등[핫종목]	(서울=뉴스1) 김정은 기자 = 레인보우로보틱스(277810)가 삼성 계열사와 업무협약을 체결했다는 소식이 전해지면서 주가가 급등세다. 31일 오후 1시40분 레인보우로보틱스는 전일 대비 3만1900원(27.36%) 오른 14만8500원에 거래되고 있다. 레인보우로보틱스는 이날 장중 28% 넘게 오르며 15만원선에 바짝 다가서기도 했다. 이날 오전 삼성웰스토리가 레인보우로보틱스와 단체급식에 로봇 자동화 솔루션을 도입하기 위한 업무협약을 체결했다고 밝히면서 투심이 쏠린 것으로 보인다. 레인보우로보틱스는 국내 최초 개발한 이족보행 로봇을 비롯해 로봇팔에 들어가는 핵심부품의 국산화 기술 경쟁력을 보유한 국내의 대표적인 로봇 플랫폼 전문기업이다. 이번 협약을 통해 삼성웰스토리는 급식 조리에 최적화된 로봇팔을 추가 개발한다. 이를 급식 사업장에 도입·확산하는데 있어 레인보우로보틱스와 긴밀히 협력해 나간다는 계획이다. 조리로봇 외에도 서비스형 로봇(서빙·안내로봇) 사용성 평가와 신규 로봇 테스트를 지원해 레인보우로보틱스 로봇 솔루션을 검증할 수 있는 테스트베드를 제공한다.	Rainbow Robotics soared 27% on the news of a business agreement with Samsung Welstory [Hot stock]	 Rainbow Robotics (277810) stock price soared as news spread that it had signed a business agreement with a Samsung affiliate . Samsung Welstory will additionally develop a robot arm optimized for meal preparation . It is a plan to work closely with Rainbow Robotics in introducing and spreading this to catering establishments .
N12	2023-09-01	Economics	https://n.news.naver.com/mnews/article/421/0007020229?sid=101	NH농협은행, 금융위 2023 지역재투자 평가서 '최우수' 등급 획득	"(서울=뉴스1) 김정현 기자 = NH농협은행이 지난 30일 금융위원회가 발표한 2023년 지역재투자 평가 결과에서 최고 등급인 최우수 등급을 획득해 4년 연속 최우수 은행에 선정됐다고 31일 밝혔다. 지역재투자 평가는 금융위원회가 지난 2020년 처음 도입한 제도다. 지역 예금을 수취하는 금융회사의 지역 경제 성장 지원을 유도하기 위해 마련됐다. 수도권을 제외한 전국 도단위(광역시 포함)에서 영업을 영위하는 시중은행, 지방은행, 저축은행을 평가대상으로 하고 그 결과는 금감원의 경영실태평가 및 지자체·교육청 금고 선정기준 등에 활용되고 있다. NH농협은행은 지역 경제성장을 위한 중기대출, 서민대출 등 금융지원 뿐 아니라, 지난해 시중은행 중 가장 많은 1685억원을 사회공헌 활동에 지출하는 등 농업·농촌 및 지역사회 동반자로서 역할을 해 종합 최우수 등급을 획득했다. 또 금융권 점포 축소와 금융 디지털화로 인해 소외 받는 고령층, 농촌지역 등 금융 취약계층을 위해 시중은행 최대인 1100여개의 점포를 운영 중이다. 급변하는 디지털 시대에 적응할 수 있도록 고령층과 청소년을 대상으로 각종 금융 교육도 실시하고 있다. 이석용 농협은행장은 ""앞으로도 농업·농촌과 지역사회가 함께 동반성장 할 수 있는 디딤돌 역할을 충실히 하는 한편, 상생금융과 사회공헌 활동을 더욱 확대하여 은행의 공유가치 창출에 앞장서겠다""고 말했다."	NH Nonghyup Bank, Financial Services Commission 2023 Regional Reinvestment Assessment 'Best' rating	 NH Nonghyup Bank announced on the 31st that it has been selected as the best bank for four consecutive years by obtaining the highest grade in the 2023 regional reinvestment evaluation results announced by the Financial Services Commission . The bank provided financial support such as mid-term loans and low-income loans for regional economic growth, but also spent KRW 168.5 billion, the largest among commercial banks, on social contribution activities .
N13	2023-09-01	Economics	https://n.news.naver.com/mnews/article/003/0012060604?sid=101	삼성重, 액화 이산화탄소 저장·주입 설비 개발	"김동현 기자 = 삼성중공업은 30일(현지시간) 말레이시아 쿠알라룸푸르에서 노르웨이 선급인 DNV로부터 '부유식 이산화탄소 저장·주입 설비(FCSU)'에 대한 기본 인증을 받았다고 31일 밝혔다. 삼성중공업이 글로벌 해상 에너지솔루션 기업인 MISC와 공동 개발한 FCSU는 길이 330미터, 폭 64미터로 영하 50도 이하의 액화이산화탄소 10만 입방미터(㎥)를 저장하는 고압 탱크 용량을 갖췄다. 선체 상부에 탑재되는 주입 모듈(Injection module)은 연간 500만톤(MTPA)의 이산화탄소를 해저면 깊숙한 곳으로 보낼 수 있는 성능을 확보했다. 이는 승용차 330만대가 1년간 배출하는 이산화탄소의 양과 같은 규모다. 삼성중공업 관계자는 ""해양 플랜트사업은 기존 오일가스설비에서 친환경 제품으로 영역을 확장하고 있다""며 ""차별화된 친환경 기술로 미래 성장 동력을 확보할 것""이라고 말했다."	Samsung Heavy develops liquefied carbon dioxide storage and injection facility	 Samsung Heavy Industries received a basic certification for its 'Floating Carbon Dioxide Storage and Injection Unit' from DNV . The FCSU is 330 meters long and 64 meters wide, and has a high-pressure tank capacity that stores 100,000 cubic meters of liquefied carbon dioxide at -50 degrees Celsius or less . The injection module mounted on the upper part of the hull has secured the ability to send 5 million tons (MTPA) of carbon dioxide per year to the depths of the seabed .
N14	2023-09-01	Economics	https://n.news.naver.com/mnews/article/016/0002190875?sid=101	中침체에 제조업 위기...수출 출하 36년만 최대폭 감소 [제동 걸린 경기회복]	제조업 수출 출하가 약 36년만에 최대 폭으로 줄었다. 판로가 막히면서 재고율도 전월대비 11.6%포인트 급등했다. 하반기 경기 반등의 초석으로 봤던 중국 경기가 오히려 침체하면서 6월에 나타났던 호조세가 ‘반짝’ 현상으로 끝나는 모양새다. 여기에 소비와 투자도 감소세를 나타내고 있다. 특히 최근 우리나라 성장세를 견인한 자동차 산업 경기가 일부 멈칫하고 있다. 개별소비세 인하가 종료되면서 판매가 줄었기 때문이다. 이에 따라 투자로 분류되는 법인 자동차 구매 실적이 감소하면서 투자에도 악영향을 미쳤다. 31일 통계청이 발표한 ‘2023년 7월 산업활동동향’에 따르면 제조업 수출 출하는 전월대비 14.5% 감소했다. 1987년 8월 15% 감소한 이후 35년 11개월만에 최대 폭으로 격감한 것이다. 전년동월대비로 봐도 7.2%가 감소했다. 반도체 수출 출하가 32.2% 줄었고, 전자부품(-25.0%), 전기장비(15.4%)도 감소세를 나타냈다. 내수와 비교하면 수출 감소세가 얼마나 거센지 알 수 있다. 내수 출하는 전월대비 2.4% 감소에 그쳤다. 전체 제조업 출하가 지난달과 비교해 7.8% 줄었는데, 대부분 수출 침체가 견인한 셈이다. 산업별로 보면 반도체에서 31.2%, 전자부품에서 22.7% 감소했다. 생산한 제품의 수출 길이 막히면서 제조업 재고율(재고/출하 비율)도 전월대비 11.6%포인트 급등했다. 7월 재고율은 123.9%에 달한다. 재고 규모 자체가 늘었다기 보다 판로가 막혔다. 제조업 재고도 늘어났지만, 1.6% 수준이다. 김보경 통계청 경제동향통계심의관은 “제조업 재고는 재고 수준 자체보다 재고율이 많이 상승했다”며 “기대했던 것만큼 중국 경제가 살아나지 않아 출하가 감소했다”고 설명했다. 기획재정부도 “최근 중국 부동산 사태 등 글로벌 경기 불확실성이 높아지고 있는 점을 감안하여 국내외 경제동향을 면밀히 점검하겠다”고 설명했다. 실제로 기업들은 중국 경기 침체가 수출기업 실적에 이미 영향을 미치고 있다고 보고 있다. 대한상공회의소는 전날 발표한 ‘최근 중국 경제 동향과 우리 기업의 영향’ 자료에서 대(對)중국 수출기업 302개사를 대상으로 중국 경기 상황의 영향을 조사한 결과 응답 기업의 32.4%는 이미 매출 등 실적에 영향을 받고 있다고 답했다고 밝혔다. 응답 기업의 절반 가량인 50.3%는 중국 경기 불안이 장기화 할 경우 실적에 악영향을 미칠 것이라고 우려했다. 연초 목표와 비교하면 현재 실적 상황이 어떠하냐는 질문에는 많은 기업이 목표보다 저조하거나(37.7%), 매우 저조하다고(14.7%) 답했다. 목표 수준을 달성한 기업은 45%에 불과했다. 초과 달성(2.3%) 혹은 크게 초과 달성(0.3%)했다는 기업은 2%대에 그쳤다. 소비와 투자는 자동차 판매 감소가 영향을 미쳤다. 김 심의관은 “지난 6월 승용차 개별소비세 인하가 종료되면서 6월에 승용차 판매가 13% 증가했고 그 기저효과로 7월에 12.3% 감소했다”며 “승용차 판매 감소가 소매판매와 설비투자 감소에 공통적으로 작용했다”고 말했다. 이에 소비 지표인 소매판매액지수는 3.2% 줄었다. 2020년 7월(-4.6%) 이후 3년 만에 최대폭으로 감소했다. 승용차 등 내구재가 5.1%, 의복 등 준내구재가 3.6%, 음식료품 등 비내구재가 2.1% 각각 줄었다. 설비 투자는 8.9% 줄어 2012년 3월(-12.6%) 이후 11년 4개월 만에 최대폭 감소했다. 자동차 등 운송장비 투자가 22.4% 감소한 영향이 컸다. 법인의 자동차 구매 실적은 설비투자로 잡힌다. 다만, 이와 관련 기재부는 일시적인 요인이라고 설명했다. 기재부는 “소매판매와 설비투자의 경우 다소 조정을 받았으나, 기상악화와 차량 개소세 변동 등에 따른 일시적 요인에 상당 부분 기인하는 것”이라고 강조했다. 홍태화 기자	Manufacturing crisis due to China's recession... Export shipments decline by the largest amount in 36 years [Economic recovery put on hold]	 Manufacturing export shipments declined by the largest margin in about 36 years . Semiconductor export shipments decreased by 32.2%, and electronic components (-25.0%) and electrical equipment (15.4%) also showed declines . Consumption and investment were affected by the decline in car sales . Manufacturers believe that the Chinese economic downturn is already having an impact on the performance of exporters .
N15	2023-09-01	Economics	https://n.news.naver.com/mnews/article/003/0012061377?sid=101	 내달 1일 유럽 최대 가전박람회…관전 포인트는?[IFA 2023]	이현주 기자 = 유럽 최대 가전 전시회인 국제가전박람회(IFA·Internationale FunkAusstellung)가 내달 1일부터 5일까지 독일 베를린에서 열린다. 1924년부터 시작해 100년 역사를 갖는 IFA는 미국 소비자가전쇼(CES), 스페인 모바일월드콩그레스(MWC)와 함께 세계 3대 정보기술(IT)·가전 전시회로 꼽힌다. 올해는 개최 99주년을 맞아 로봇의 집, 게임&e스포츠 바 등 새로운 섹션을 대거 마련한다. 이번 IFA 2023 주제는 '지속가능성'으로 전시장 내 '지속가능성 마을'이 만들어진다. 주요 참가 업체들도 에너지 고효율 기술 등을 대거 선보인다. 인공지능(AI)과 로봇도 여전히 화두가 될 전망이다. 올해는 전 세계 53개국에서 가전, 홈엔터테인먼트, 오디오, 통신, 컴퓨팅&게이밍 등 분야 2100여개 기업이 참가하며 150개국에서 18만명 이상의 방문객이 찾는다. 특히 코로나19 팬데믹 종식으로 중국 업체들이 대거 참여하는 것이 눈길을 끈다. 지난해 IFA 참가업체가 1400여개 수준이었는데 올해는 2100여곳으로 대폭 늘었다. 이는 중국 업체들의 참여가 영향을 미쳤다는 분석이다. 중국은 참가국 가운데 가장 많은 1293개의 전시 부스를 차린다. 한국은 165개 기업·단체들이 참가해 중국, 독일(228개)에 이어 3번째로 많은 규모다. 올해 기조연설은 중국 스마트폰 업체 '아너'의 조지 자오 최고경영자(CEO)와 가전업체 하이센스그룹의 피셔 유 대표가 맡는다. 아너는 2020년 화웨이에서 분사한 스마트폰·태블릿 제조업체다. 프리미엄 가전 브랜드 밀레를 비롯해 보쉬 등 독일 업체들과 일본 파나소닉, 터키 베스텔 등 글로벌 주요 업체들이 대거 참가하는 것도 볼거리다. 업계 최대 규모의 전시관을 열고 트렌드를 선도하고 있는 삼성전자와 LG전자는 올해도 혁신 기술로 유럽 시장을 공략한다. 삼성전자는 IFA가 열리는 시티 큐브 베를린(City Cube Berlin)에 업계 최대인 6026㎡(약 1823평)의 전시공간을 마련하고 '의미 있는 연결'을 주제로 통합 연결과 친환경 기술을 대거 선보인다. 삼성전자는 스마트싱스 시나리오를 더 잘 보여주기 위해 15개 파트너사와 협력해 지속가능성 존을 조성한다. 최신 기술을 적용한 비스포크 가전과 초대형 스크린 라인업, 최신 갤럭시 제품 등도 소개한다. LG전자는 '모두를 위한 즐거움과 지속가능한 삶'을 주제로 프리미엄 가전과 에너지 솔루션들을 대거 공개한다. 올해 전시관도 자연 속에서 마주하는 숲속길을 형상화한 'LG 지속가능 마을'로 꾸민다. 이 전시관에는 지속가능한 삶을 위한 ▲스마트코티지 등 홈 에너지 솔루션 ▲최고 수준의 에너지 고효율 제품 ▲다양한 라이프스타일에 맞춘 초개인화 가전 ▲유럽 프리미엄 시장을 겨냥한 혁신적인 기술 기반의 다양한 제품을 선보인다．	Europe's largest consumer electronics trade show on the 1st of next month... What is the point to watch?[IFA 2023]	 The Internationale FunkAusstellung (IFA), Europe's largest home appliance exhibition, will be held in Berlin, Germany from the 1st to the 5th of next month . This year, more than 2,100 companies in the fields of home appliances, home entertainment, audio, communication, computing & gaming, etc. from 53 countries around the world participate . The theme of this IFA 2023 is 'Sustainability', and a 'Sustainable Village' will be created in the exhibition hall .
N16	2023-09-01	Economics	https://n.news.naver.com/mnews/article/025/0003304698?sid=101	 신한은행, 보이스피싱 예방 플랫폼 ‘지켜요’ 서비스[Biz & Now]	신한은행은 보이스피싱 피해를 줄이기 위해 ‘지켜요(소중한 나의 자산)’ 서비스를 시작했다고 31일 밝혔다. 모바일뱅킹 앱 ‘쏠’(SOL) 내 ‘고객센터’ 메뉴에서 고객 보안점수를 산출해 비슷한 연령대 다른 고객들과 비교해준다. 이용자는 추가로 보이스피싱 예방 보안 서비스에 가입할 수 있고 거래통지 알림 설정 등도 제공한다. 런칭 기념 이벤트로 6일부터 플랫폼에 접속하고 ‘우리가족 암호만들기’ 기능 등을 체험하면 11만 명은 100~5만 마이신한포인트를 받을 수 있다.	Shinhan Bank, voice phishing prevention platform ‘Watch me’ service [Biz & Now]	 Shinhan Bank announced on the 31st that it has launched the “Protect (My Precious Asset)” service to reduce damage from voice phishing . 110,000 people can receive 1 million to 50,000 My Shinhan points by accessing the platform from the 6th .
N17	2023-09-01	Economics	https://n.news.naver.com/mnews/article/277/0005307748?sid=101	토스뱅크, 상반기 여신 잔액 첫 10兆 돌파… 3Q엔 흑자 전망	"토스뱅크가 올해 상반기 말 기준 여신잔액 10조원을 넘겼다. 2분기 순손실 규모도 전분기 대비 3분의 1 수준으로 줄였다. 예대율도 오르고 있고 지난달에는 처음으로 월별 흑자를 거뒀다. 3분기에는 첫 분기 흑자로 시현할 수 있다는 전망이 나온다. 토스뱅크는 올해 2분기 순손실 104억원을 기록했다고 31일 공시했다. 전분기 순손실 280억원과 비교하면 3분의 1 수준으로 줄어들었다. 상반기 기준 순손실 규모는 384억원으로 집계됐다. 전년 동기 대비 70%가량 적자 폭을 줄였다. 여신 잔액은 10조458억원으로 출범 1년9개월 만에 10조원을 돌파했다. 전년 동기 대비 134% 증가한 규모다. 여신 성장에 힘입어 2분기 말 기준 누적 순이자이익은 2438억원을 기록했다. 지난해 상반기 260억원과 비교하면 9배 이상 증가한 것이다. 다만 수신 잔액은 21조5332억원으로 전년 동기 대비 24.4% 감소했다. 예대율은 2분기 기준 50.43%로 출범 이후 처음으로 50%대를 넘겼다. 토스뱅크 측은 다음 달 전월세대출을 출시하고 하반기 중 지방은행과 공동대출을 출시 예정인 만큼 여신 상품군 강화로 여신 잔액과 예대율이 더욱 개선될 것이라고 설명했다. 고객 수도 꾸준히 증가세다. 상반기 말 기준 690만명으로 1분기 607만명 대비 83만명가량 늘었다. 지난달에는 이미 700만명을 돌파해 이달 기준 755만명을 기록했다. 출범 3년차임에도 증가세가 가파른 편이다. 토스뱅크 체크카드와 자산관리서비스 '목돈굴리기' 등으로 비이자수익도 증가했다. 상반기 말 기준 277억원으로 전년 동기 70억원 대비 4배로 불어났다. 한편 대손충당금은 2882억원, 고정이하여신 대비 대손충당금 적립률은 228%로 파악됐다. 총 여신 대비 커버리지 비율(전체 여신잔액 대비 대손충당금 잔액 비중)은 2.86%를 기록했다. 신한·KB국민·하나·우리 등 4대 시중은행 평균인 0.49%보다 5배 이상인 수준이다. 유동성커버리지비율(LCR)도 705.15%로 200% 내외인 은행권 평균보다 3.5배 이상 높았다. 국제결제은행(BIS) 자기자본비율은 11.69%를 기록했다. 바젤I 감독 기준인 8%를 상회했고, 내년부터 적용될 바젤III 기준을 적용해도 14.25% 수준으로 안정적이라는 설명이다. 하반기 예정 중인 증자가 성공적으로 마무리될 경우 자본적정성이 더 강화될 예정이라고 밝혔다. 다만 연체율은 전년 동기 대비 1.04%포인트 오른 1.56%로 다소 높은 편이었다. 4대 시중은행의 2분기 평균 연체율 0.24%를 훌쩍 웃도는 수준이다. 같은 기간 카카오뱅크(0.33%→0.52%), 케이뱅크(0.52%→0.86%) 등 다른 인터넷은행들의 연체율 상승폭도 상회했다. 토스뱅크 측은 ""은행으로서 연체 데이터 무결성 확보를 위해 부실채권에 대한 본격적인 매상각을 올해 2분기에 들어서 시작한 점 등으로 연체율이 상대적으로 높게 발생했다""라며 ""연체율은 중저신용자 비중에 따라 당행이 예측한 관리 가능한 수준에 있으며 은행권 최고 수준의 대손충당금 적립률을 유지해 모든 상황에 대해 대비가 충분히 돼 있다""라고 설명했다. 또한 ""전월세자금대출과 같이 상대적으로 부실률이 낮은 대출 상품이 곧 출시될 예정이므로 연체율은 이번 분기를 기점으로 점차 하향 안정화될 것""이라고 덧붙였다."	Tossbank, the first half of the first half of the loan balance exceeds 10兆... 3Q yen surplus outlook	 Tossbank recorded a net loss of 10.4 billion won in the second quarter of this year . The loan balance reached 10.458 trillion won, surpassing 10 trillion won in 1 year and 9 months after its launch . The deposit-to-deposit ratio is also rising, and last month it recorded a monthly surplus for the first time .
N18	2023-09-01	Economics	https://n.news.naver.com/mnews/article/011/0004232493?sid=101	 新시장 창출 핵심 반도체, 창의적 도전이 필요하다[로터리]	엔비디아는 인공지능(AI) 시대에 컴퓨팅 산업을 주도하는 핵심 기업 중 하나라고 평가 받는다. 2분기 실적도 전망치를 20% 웃도는 135억 달러의 매출을 기록했고 주가는 8월 말 기준 연초 대비 3배 수준으로 상승했다. PC 내 게임 성능을 위한 보조 역할로 인식됐던 그래픽처리장치(GPU), 그리고 PC 게임을 즐기는 사람들 사이에서 관심을 받던 엔비디아가 왜 갑자기 전 세계의 주목받는 제품과 기업이 된 것일까. 엔비디아가 AI 산업의 급속한 성장에 필요한 GPU 시장의 절대적 강자이기 때문이다. 지난 50년 간 기술혁명의 중심 역할 중 하나를 맡아 온 반도체의 수요처는 1990년대 PC, 2010년대 모바일 기기, 2020년대 서버 순으로 전환되고 확장됐고 전 세계 반도체 시장 규모도 2022년 6000억 달러에 근접하면서 90년 대비 6배 규모로 커졌다. 최근 서버 시장에서 AI 데이터센터의 성장세가 지속되고 있으며 향후 다양한 분야의 AI 기반 서비스가 도입되면 반도체 시장은 과거보다 훨씬 더 빠른 속도로 증가할 것으로 전망된다. 반도체 수요처로 최근 떠오르고 있는 자동차 산업에서도 전기차와 자율주행차로의 전환이 확대되면서 전력 관리, 운전통제 등을 위한 반도체의 종류와 개수가 늘어나고 있다. 이는 반도체 기술이 관련 산업인 자동차 산업의 고부가가치화를 지원할 수 있음을 보여주며, 향후 반도체 수요가 여타 산업에서도 급격히 확대될 수 있음을 보여주는 사례이다. 반도체는 편의성을 높여 주지만 인간의 안전과 건강 등 삶의 질 향상에도 도움이 되고 있다. 자율주행차를 통해 사고를 줄임으로써 안전 확보에 기여하고 저전력 반도체의 사용 확대를 통해 기후변화 대응에도 역할을 담당하고 있다. 의료기기 등에 사용되는 반도체는 건강 위험 증상을 신속히 발견함으로써 건강을 유지하는 데에도 도움이 되고 있다. 스마트폰 등 첨단 정보통신 기기 뿐만 아니라 금융과 의료 등에 빠르게 도입되고 있는 AI 분야는 반도체 기술이 없었다면 성장 속도가 더뎠을 것이다. 최근 GPU 수요 확대와 함께 고대역폭 메모리(HBM: High Bandwidth Memory)의 수요까지 확대되고 있는 상황을 바라보며 AI의 활용이 확대될수록 우리 반도체 산업이 더욱 중요한 역할을 담당할 것임을 알 수 있다. 향후 기존의 반도체 수요처에 안주하지 않고 새로운 활용 분야를 찾으려는 창의적 도전이 광범위한 분야에서 확대되고 이러한 도전에 반도체가 핵심적 역할을 담당하는 것이 중요하다. 최근 반도체 산업에 대내외적인 불확실성이 지속하고 있지만 반도체 산업과 연계해 여러 경제적·사회적 문제를 해결하기 위한 노력이 사회 각 분야에서 강화되는 것이 미래의 엔비디아를 만들어 나가는 계기가 될 것이라고 믿는다.	New market creation key semiconductor, creative challenge is needed [rotary]	 Nvidia is evaluated as one of the key companies leading the computing industry in the era of artificial intelligence (AI) In the second quarter, sales exceeded expectations by 20% to $13.5 billion, and stock prices tripled . Demand for semiconductors has shifted and expanded to PCs in the 1990s, mobile devices in the 2010s, and servers in the 2020s .
N19	2023-09-01	Economics	https://n.news.naver.com/mnews/article/003/0012060703?sid=101	'주가조작 창구' 오명 벗나…내일부터 CFD 잔고·투자자 유형 모두 공개	"우연수 기자 = 내일부터 차액결제거래(CFD) 재개와 함께 실제 투자자 유형이 투명하게 공개된다. 금융위원회는 내달 1일부터 CFD 관련 투자자 보호 강화 조치가 시행된다고 31일 밝혔다. CFD는 실제 자산(주식 등)을 보유하지 않고 가격 변동분 차액만 결제하는 장외파생상품의 일종이다. 적은 투자금으로도 높은 신용 레버리지를 쓰는 효과가 있는데, 라덕연 일당이 타깃 종목 주가를 끌어올리는 데 CFD 계좌가 이용된 것으로 알려졌다. '주가조작 창구' 오명을 쓴 CFD가 내달 재개됨과 동시에 각종 제도 보완 장치가 시행된다. 우선 CFD에 따른 주식매매 실적도 실제 투자자 유형(개인, 기관, 외국인)에 따라 거래소 정보데이터시스템 등을 통해 제공되는 투자자 유형별 거래 실적 정보에 반영된다. 기존에는 실질 거래주체가 개인임에도 CFD 계약에 따라 외국계 투자은행(IB) 등이 대신 주식매매를 하는 경우 투자자 유형이 '외국인'으로 집계돼 거래 주체에 대한 시장 오인을 유발했다. 또 신용융자 잔고와 마찬가지로 CFD의 전체, 종목별 잔고 공시가 이뤄진다. 전체 FD 잔고는 금융투자협회 종합통계포털에서 매 영업일 장종료 후 전일 기준 정보를 확인할 수 있다. 종목별 CFD 잔고는 증권사별 전산준비가 완료되는 대로 홈트레이딩시스템(HTS)·모바일트레이딩시스템(MTS)에 순차적으로 반영된다. 다음달 중으로 전체 증권사 HTS·MTS에 반영될 예정이며 전체 증권사 전산 개발이 완료되기 전까지는 전일 기준 종목별 CFD 잔고 정보가 매일 금융투자협회 홈페이지에 게재된다. 개인투자자 보호 장치 관련 제도 보완 사항도 함께 시행된다. 개인전문투자자 장외파생상품 투자요건 신설에 따라 다음달부터 개인전문투자자가 CFD를 거래하기 위해서는 고위험 금융투자상품에 대한 충분한 투자 경험을 갖췄음을 증권사로부터 확인받아야 한다. 또 개인이 최초로 전문투자자가 되거나 장외파생상품 투자요건을 최초로 확인받는 경우 증권사가 대면으로 투자자 본인여부를 확인해야 하며, 증권사가 개인전문투자자 지정 신청을 권유하는 일체의 행위가 금지된다. 증권사는 개인전문투자자 지정 요건 또는 장외파생상품 투자 요건 충족 여부를 2년마다 확인할 필요가 있다. 아울러 행정지도 형태로 운영해오던 CFD 최소 증거금률(40%) 규제가 상시화되고 증권사의 신용공여 한도에 CFD 취급 규모도 포함된다. 11월 말까지는 CFD 규모의 50%만 반영, 12월1일부터는 100% 반영할 예정이다. 업계에서도 CFD 관련 리스크 관리 모범규준을 마련·시행해 영업 리스크 관리도 강화될 예정이다. 금융위 관계자는 ""제도가 시장에 잘 정착할 수 있도록 증권사들의 CFD 영업행위에 대한 관리 감독을 철저히 하는 한편, 회사별 리스크 관리 실태와 시장 동향도 밀착 모니터링할 방침""이라고 말했다．"	Get rid of the stigma of 'stock manipulation window'... From tomorrow, all CFD balances and investor types will be disclosed.	 CFD is a type of over-the-counter derivative that settles only the difference in price fluctuations without holding actual assets . It has the effect of using high credit leverage even with a small amount of investment . CFD, which has been stigmatized as a 'stock manipulation window', will resume next month .
N20	2023-09-01	Social	https://n.news.naver.com/mnews/article/003/0012062727?sid=102	평택 환전소 침입 외국인 강도, 범행 4시간 뒤 해외 출국(종합)	"양효원 기자 = 경기 평택시 환전소에 침입해 8000달러(한화 약 1000만 원)을 훔쳐 달아난 2인조 외국인 강도 가운데 1명이 이미 해외 도주한 것으로 확인됐다. 나머지 1명은 인천공항에서 출국을 준비하다가 경찰에 붙잡혔다. 31일 평택경찰서에 따르면 타지키스탄 국적 외국인인 A(34)씨와 B(34)씨는 전날 낮 12시께 평택시 신장동 한 환전소에 침입, 총기 형태 물건을 보여주며 업주인 60대 여성을 위협하고 돈을 빼앗아 달아난 혐의를 받는다. A씨는 범행 4시간 30분여 만인 전날 오후 4시 35분께 인천공항을 통해 우즈베키스탄으로 출국했다. B씨는 다음 날인 이날 오전 1시 40분께 인천공항에서 출국 대기하다가 긴급 체포됐다. A씨와 B씨는 환전소에서 돈을 빼앗은 뒤 미리 준비한 도난 차를 타고 20㎞ 도주했다. 이후 해당 차를 버린 뒤 다른 차를 이용해 도주를 이어간 것으로 파악됐다. 이들이 첫 도주에 이용하고 버린 차량 안에서는 모의총기가 발견되기도 했다. A씨와 B씨는 도주 과정에서 같은 타지키스탄 국적 외국인 3명으로부터 도움받은 것으로 알려졌다. 이들은 A씨와 B씨를 공항으로 이동시키고 해외로 나가도록 탑승 수속을 밟는 과정에 관여한 것으로 전해졌다. 경찰은 이들 3명 외국인 역시 이날 오전 7시 30분께 인천공항에서 범인도피 혐의로 긴급체포했다. 경찰은 도주한 A씨에 대해 인터폴 공조를 요청하는 등 추적을 이어가고 있다. 아울러 검거한 B씨를 상대로 조사를 벌이고 있다. B씨는 경찰 조사에서 혐의 일부를 부인하고 있는 것으로 전해졌다. 경찰 관계자는 ""범행 후 먼 거리를 이동, 곧바로 해외로 나가면서 체포에 필요한 시간이 부족했던 부분이 있다""고 설명했다．"	Foreign robbers breaking into Pyeongtaek currency exchange office, leaving overseas 4 hours after the crime (comprehensive)	 One of the two foreign robbers who broke into a currency exchange office in Pyeongtaek, Gyeonggi-do and stole 8,000 dollars (about 10 million won) has already fled overseas . The other one was caught by the police while preparing to leave the country at Incheon International Airport . The police are continuing their pursuit of Mr. A, who has fled, by requesting Interpol cooperation .
N21	2023-09-01	Social	https://n.news.naver.com/mnews/article/025/0003304554?sid=102	검찰, '라임 환매 의혹' 미래에셋·유안타증권 압수수색	'라임 사태' 재수사에 착수한 검찰이 특혜성 환매 의혹을 규명하기 위해 31일 미래에셋증권과 유안타증권을 압수수색하고 있다. 서울남부지검 금융증권범죄합동수사부(단성한 부장검사)는 이날 오전 서울 중구 미래에셋증권과 유안타증권 본사에 수사관을 보내 2019년 라임 펀드 판매·환매와 관련한 자료를 확보하고 있다. 검찰은 금융감독원의 통보로 라임자산운용이 환매 중단 직전인 2019년 8∼9월 다선 야당 국회의원과 기업 등 특정 투자자에게 특혜성 환매를 해줬다는 의혹을 규명하기 위한 수사를 하고 있다. 지난 24일에는 금감원을 압수수색해 라임자산운용의 펀드 환매와 관련한 당국의 검사기록을 확보했다.	Prosecution seizes and searches Mirae Asset Yuanta Securities for 'lime buyback suspicion'	 Prosecutors seize and search Mirae Asset Securities and Yuanta Securities in Jung-gu, Seoul this morning to secure data related to the sale and redemption of lime funds in 2019 . Prosecutors are conducting an investigation to clarify the allegations that Lime Asset Management made preferential redemptions to certain investors, such as multi-elected opposition members of the National Assembly and companies, in August and September 2019 .
N22	2023-09-01	Social	https://n.news.naver.com/mnews/article/028/0002654700?sid=102	박정훈 대령 입건 이튿날…군검사 “무서운 일, 사본 잘 보관하라”	폭우 실종자를 찾다가 숨진 채아무개 상병 사건을 수사하던 군 검사가 해병대 수사관에 “사본을 떠놓고 잘 보관해 세상에서 없어지지 않게 해달라”는 등 수사 외압을 암시하는 정황이 녹음파일로 공개됐다. 군인권센터는 31일 서울 마포구 사무실에서 기자회견을 열고 해병대 수사단 관계자와 해군검찰단 소속 ㄱ검사의 통화 녹음파일 2개를 공개했다. 통화는 박정훈 전 해병대 수사단장이 수사 결과를 경북경찰청에 이첩한 2일과 다음날까지 이틀에 걸쳐 이뤄졌다. 3일 이뤄진 녹음파일을 들어보면, ㄱ검사는 “국방부 검찰단이 (수사자료를) 가져가게 된다면 처음부터 지금까지 조사했던 내용은 싹 날리고 수사를 다 처음부터 다시 할 계획이 혹시 있는 건 아닌지 우려된다”고 말한다. 그러자 해병대 수사관은 “그 시나리오처럼 된다면 다 무효가 되니까”라고 답했다. 이어 ㄱ검사는 “최악의 최악의 최악의 경우를 상상해서 말씀드리는 건데, 대비해놓는 게 어려운 일은 아니지 않느냐”며 “사본을 떠놓고 잘 보관해 세상에서 없어지지 않게 (해달라)”고 말했다. ㄱ검사가 “걱정된다”고 재차 말한 뒤, “너무 무서운 일입니다”라고 말하며 통화가 끝난다. 통화가 이뤄진 하루 전날인 지난 2일 박 대령은 임성근 해병대1사단장 등 8명을 업무상과실치사 혐의로 경찰에 사건을 이첩한 것이 국방부 장관의 지시를 어긴 것이라며 집단 항명 수괴 혐의로 입건됐다. 국방부 검찰단은 경북경찰청으로부터 이첩된 사건 자료를 다시 회수했다. 앞서 검찰단이 구체적으로 해당 수사관에게 법리 검토를 해준 점도 2일 녹음된 파일로 확인됐다. ㄱ검사는 임 사단장의 책임과 관련해 “(임 사단장이) 사건 현장에 방문해 위험을 충분히 인지하고 있었고 위험을 예견했어야 함에도 안전장비를 지급하지 않아 사건을 발생시켰다”고 수사관에게 설명했다. 임태훈 군인권센터 소장은 “무서운 일이라는 표현을 군검사가 했다”면서 “국방부 검찰단이 진실을 가리려고 하고 있고 모든 수사 기록을 뒤집어 엎어서 박 대령을 항명죄로 구속시켜 입막으려 하고 있다”고 했다. 항명죄 등으로 입건된 박 대령의 구속 전 피의자 심문(영장실질심사)은 9월1일 오전 10시 서울 용산구 중앙군사법원에서 열릴 예정이다.	The day after the arrest of Colonel Park Jung-hoon... Military Prosecutor “It’s a scary thing, keep a good copy”	 Military Human Rights Center released two audio recordings of a call between an official from the Marine Corps investigation team and a prosecutor from the Navy Prosecutor's Office . The phone call took place over two days, from the 2nd to the next day, when Park Jeong-hoon handed over the results of the investigation to the Gyeongbuk Provincial Police Agency . Colonel Park was booked on charges of mass mutiny, claiming that the transfer of the case to the police was against the instructions of the Minister of National Defense .
N23	2023-09-01	Social	https://n.news.naver.com/mnews/article/448/0000425555?sid=102	오늘밤 '슈퍼 블루문' 뜬다…놓치면 14년 후	오늘 밤 가장 큰 달인 '슈퍼 블루문'이 뜬다. 오늘을 놓치면 14년을 기다려야 하는데, 중부지방은 오후부터 날씨가 개 관측이 가능할 전망이다. 31일 한국천문연구원 등에 따르면 이날 올해 가장 큰 둥근달, 이른바 '슈퍼문'을 볼 수 있다. 슈퍼문은 달이 지구에 가장 가까운 지점인 근지점에 위치할 때 뜨는 보름달을 뜻하는데, 달이 지구에서 가장 멀리 떨어진 원지점 보름달(미니문)보다 14% 크고 밝기는 30% 밝게 관측된다. 또 블루문은 한 달에 2번째 뜨는 보름달을 뜻한다. 달은 약 29.53일을 주기로 위상이 변하기 때문에 2년 8개월마다 보름달이 한 달에 1번 더 뜨게 된다. 이 경우 한 계절에 보름달이 4번 뜨게 되는데, 이때 3번째 뜨는 보름달이 블루문이 된다. 슈퍼문과 블루문이 동시에 뜨는 경우는 드문 현상이라고 한다. 가장 최근은 2018년 1월 31일이었고, 다음은 14년 후인 2037년 1월 31일로 예정돼있다. 한국천문연구원에 따르면 오전 10시 36분에 지구에서 달이 가장 둥글고 크게 보이게 된다. 하지만 우리나라에서는 달이 뜨는 시간인 오후 7시 29분부터 관측이 가능하다. 슈퍼문 관측의 변수는 날씨인데, 기상청은 31일 전국이 흐린 가운데 오후부터 중부지방은 차차 맑아질 것으로 예보했다.	'Super Blue Moon' rises tonight... If you miss it, 14 years later	 Tonight, the biggest moon, the 'Super Blue Moon', rises . It is said to be a rare phenomenon for a supermoon and a blue moon to appear at the same time . According to the Korea Astronomical Research Institute, at 10:36 a.m., the moon will appear roundest and largest on Earth . The next supermoon is scheduled for January 31, 2037, 14 years later .
N24	2023-09-01	Social	https://n.news.naver.com/mnews/article/011/0004232607?sid=102	"서울시, 상암동에 새 소각장 건립 확정…주민단체 ""행정소송"" 반발"	"서울시가 신규 광역자원회수시설(생활폐기물 소각장) 건립지로 마포구 상암동을 최종 선정했다. 마포구 주민 단체는 행정소송도 불사하겠다며 반발했다. 서울시는 이달 24일 열린 제19차 광역자원회수시설 입지선정위원회에서 현 마포자원회수시설 부지 옆 상암동 481-6 등 2개 필지(총 2만1000㎡ 규모)를 신규 입지로 결정했다고 31일 밝혔다. 현 마포자원회수시설은 2035년까지 폐쇄한다. 그동안 서울에서 처리 못한 폐기물은 인천 수도권매립지로 보내졌지만 2026년부터 수도권매립지 생활폐기물 직매립이 금지되면서 추가 소각장 설치가 불가피해졌다. 이에 따라 서울시는 2020년 12월부터 입지선정위원회를 꾸려 하루 1000톤을 처리할 수 있는 신규 광역자원회수시설 건립을 추진했고 지난해 8월 상암동 일대를 최적 입지 후보지로 선정했다. 서울시는 입지 후보지를 선정한 후 인근 5㎞ 내 기상, 대기질, 위생·공중보건, 악취에 대한 현장조사와 칼퍼프 모델링(오염물질이 대기질에 미치는 영향을 측정하는 모델)을 이용한 전략환경영향평가를 시행한 결과 신규시설로 인한 주변 환경영향은 경미할 것으로 평가됐고 환경부와 협의를 완료했다고 설명했다. 서울시는 주민 반발과 미관을 고려해 새 자원회수시설을 모두 지하화한다. 청소차 전용도로, 폐기물저장소 등 주요 시설을 지하에 넣고 출입하는 청소차를 친환경 차량으로 전환해 무취·무해한 시설로 운영한다. 또 폐기물 처리 과정에 인공지능(AI), 사물인터넷(IoT) 등의 기술이 적용된 최첨단 자동화시스템과 오염방지설비를 도입하고 배출가스 관리는 법적 배출허용기준 대비 10배까지 강화할 방침이다. 지상부는 문화시설과 전망대, 놀이기구, 스카이워크 등을 설치해 시민과 관광객이 즐겨 찾는 공간으로 만든다. 상암동 주민을 위한 1000억원 규모의 편익시설은 수영장·헬스장·독서실·사우나·골프연습장·놀이공간 등으로 건립한다. 또 매년 기금을 조성해 주민 복리증진과 지역발전에 사용한다. 서울시는 이날 신규 자원회수시설 입지를 결정·고시한 후 예비타당성 조사와 사업계획 적정성 검토, 투자심사, 환경영향평가 등의 후속 절차를 밟는다. 마포구 주민 등으로 구성된 마포소각장 백지화 투쟁본부(백투본)는 즉각 반발했다. 백투본은 시 발표 직후 입장문을 내고 ""서울시는 합리적인 설명으로 주민의 이해를 구하는 노력조차 하지 않았다""며 “행정소송도 진행하고 주민들의 반대 집회도 있을 것”이라고 비판했다. 마포구는 “반대 의사 표명에도 서울시가 상암동 소각장 신규 입지를 최종 확정한 것에 매우 유감을 표한다”고 전했다."	"Seoul City confirms construction of new incinerator in Sangam-dong... Resident groups oppose ""administrative lawsuit"""	 The Seoul Metropolitan Government has finally selected Sangam-dong, Mapo-gu as the site for the construction of a new regional resource recovery facility (domestic waste incinerator) Resident groups in Mapo Gu protested, saying they would not hesitate to file an administrative lawsuit . The current Mapo resource . facility will be closed by 2035 .
N25	2023-09-01	Social	https://n.news.naver.com/mnews/article/001/0014163034?sid=102	법원, 가석방 없는 종신형 추진에 '신중 검토' 의견	"(서울=연합뉴스) 황윤기 기자 = 정부·여당이 추진하는 '가석방 없는 종신형'에 대해 대법원 법원행정처가 ""사형제도 폐지를 전제로 논의되는 것이 바람직하다""며 신중히 검토해야 한다는 의견을 국회에 밝혔다. 31일 시대전환 조정훈 의원실에 따르면 법원행정처는 가석방 없는 종신형을 도입하는 내용의 형법 개정안에 대한 국회 법제사법위원회의 의견 조회 요청에 이달 25일 이같이 회신했다. 법원행정처는 ""가석방 없는 종신형 제도에 관한 기존 논의는 위헌 논란이 많은 사형제도를 폐지하고 그에 대한 대체 수단으로 절대적 종신형을 도입하는 것을 전제로 한 것""이라며 ""사형제도를 존치한 채 가석방 없는 종신형을 도입하는 것은 추가 검토가 필요하다""고 했다. 법원행정처는 ""프랑스, 영국, 스위스, 이탈리아, 스웨덴 등 가석방 없는 종신형이 있는 나라의 상당수는 특정 범죄행위에 대해 예외적으로 특별 규정을 두고 있다""며 적용 범죄를 추가 연구해야 한다고 봤다. 법원행정처에 따르면 유럽평의회 소속 국가 중 사형제를 유지하는 나라는 없다. 가석방 없는 종신형을 규정하는 나라는 4개국이고 11개국이 예외적으로 가석방을 불허하며, 종신형 자체가 존재하지 않는 나라는 9개국이다. 미국은 알래스카를 제외한 49개 주에 가석방 없는 종신형 제도가 있다. 다만 법원행정처는 ""미국의 종신형 연구에 관한 상당수의 문헌은 해당 형벌이 지니는 잔혹성과 위헌성에 초점을 맞춰 비판적 논의를 전개하고 있다""고 설명했다. 법원행정처는 ""가석방 없는 종신형이 사형제에 비해 기본권 침해가 덜하다고 볼 수 없다는 견해도 있고, 선진국에서는 위헌성이 있다는 판단하에 폐지하는 추세""고 지적했다. 또 ""절대적 종신형은 죽음의 시기만을 변형시킨다는 의미 외에 형사정책적인 의미가 크다고 보기 어렵다""며 ""범죄 예방적 효과가 있다고 단정할 수 없고 교도행정에 큰 부담이 되는 측면이 있다""고 봤다. 법원행정처는 현행 20년으로 정해진 무기형의 최소 복역 기간을 연장하는 안에 대해서도 ""행상이 양호하지 않고 뉘우침이 뚜렷하지 않은 피고인은 가석방을 불허하면 충분하므로 굳이 최소 복역 기간을 늘릴 필요성이 크지 않다""며 신중히 검토해야 한다는 의견을 덧붙였다. 최근 흉악 범죄가 잇따라 발생하면서 정부와 여당은 가석방이 불가능한 절대적 종신형 도입을 추진하고 있다. 조 의원은 이 제도를 도입하는 내용의 형법 일부개정법률안을 이달 9일 대표 발의했다. water@yna.co.kr"	Court advises 'careful review' of life sentence without parole	" The Supreme Court Administration Office of the Supreme Court said, ""It is desirable to discuss on the premise of the abolition of the death penalty,"" and expressed its opinion to the National Assembly that it should be carefully reviewed for the 'life sentence without parole' promoted by the government and the ruling party . Congressman Cho Jeong-hoon proposed a partial amendment to the Criminal Code ."
N26	2023-09-01	Social	https://n.news.naver.com/mnews/article/056/0011557202?sid=102	KBS·MBC 전 이사장 ‘해임 집행정지’ 심문…다음달 중순까지 결론날 듯	■ 제보하기 ▷ 전화 : 02-781-1234, 4444 ▷ 이메일 : kbs1234@kbs.co.kr ▷ 카카오톡 : 'KBS제보' 검색, 채널 추가 ▷ 네이버, 유튜브에서 KBS뉴스를 구독해주세요!	Former KBS/MBC chairman interrogated for suspension of dismissal… It's likely to be finalized by the middle of next month	 Phone: 02-781-1234, 4444 . Email: kbs1234@kbs.co.uk.kr . Kakao Talk: Search 'KBS Report' and add a channel . Subscribe to KBS News on Naver and YouTube!
N27	2023-09-01	Social	https://n.news.naver.com/mnews/article/009/0005180052?sid=102	‘경찰관 추락’ 현장에 8명 더 있었다…마약 투약 정황에 출국금지	서울 용산구에 있는 한 아파트에서 경찰관이 추락해 숨지는 사고가 발생한 가운데 현장에 함께 있던 일행이 16명이었던 것으로 조사됐다. 경찰은 이들이 마약을 투약한 혐의가 있다고 보고 일행 15명에 대해 출국금지 처분을 내렸다. 이 사건을 수사 중인 용인경찰서는 이 경찰관과 함께 있던 일행 8명을 추가 확인하고 기존에 밝혀진 일행 7명을 포함해 모두 15명을 출국금지했다고 31일 밝혔다. 경찰은 기존에 입건된 7명의 진술 등을 종합해 이들 8명을 마약류관리법 위반 혐의로 입건하고 마약 간이시약 검사를 하고 있다. 앞서 경찰은 아파트 폐쇄회로(CC)TV와 먼저 일행의 휴대전화 연락 기록 등을 통해 8명의 신원을 특정했다. 이들 15명과 숨진 경찰관 A경장 등 모두 16명은 A경장이 숨진 채 발견되기 하루 전인 26일 오후 10시쯤부터 일행 중 한명의 거주지인 이 아파트 14층에 모인 것으로 조사됐다. 먼저 입건된 일행 7명 중 5명은 간이시약 검사에서 케타민·MDMA(엑스터시)·필로폰 등 마약류 양성 반응이 나왔고 2명은 간이 검사에 동의하지 않아 강제 수단을 통해 마약류 투약 여부를 검사하고 있다. 아울러 현장에서 주사기와 성분을 알 수 없는 알약 등도 압수해 정밀 감정중이다. A 경장은 지난 27일 오전 5시쯤 서울 용산구 아파트에서 숨진 채 발견됐으며 부검 결과 추락사한 것으로 나타났다. 당시 아파트에 있던 일행은 “운동 동호회로 모였고 A경장이 창문을 열고 투신했다”고 진술했다.	There were 8 more people at the scene of the ‘police officer crash’… Banned from leaving the country for drug use	 A police officer fell to his death from an apartment in Yongsan-gu, Seoul, and it was investigated that 16 people were at the scene . The police believed that they were suspected of taking drugs and issued a ban on departure for 15 people in the party . The Yongin Police Station, which is investigating the case, announced on the 31st that it confirmed 8 additional people who were with the police officer .
N28	2023-09-01	Social	https://n.news.naver.com/mnews/article/421/0007021723?sid=102	"""오늘이 마지막 진료 날입니다""…눈물바다 된 서울백병원"	"(서울=뉴스1) 박상휘 박혜연 박동해 기자 = 83년이라는 역사를 뒤로하고 인제대학교 서울백병원이 31일 진료를 종료했다. 어쩔 수 없이 떠나는 직원과 남는 직원 모두 서로를 위로했다. 조영규 서울백병원 교수협의회장을 비롯한 교직원 일동은 이날 병원 폐원 무효와 강제전보 취소를 요구하는 결의문을 발표했다. 교직원들은 ""여전히 서울백병원 폐원을 인정할 수 없으며, 폐원 결정과 진행 과정에서 발생한 불법과 부정에 관련된 자들을 모두 처벌해야 한다""고 요구했다. 담담히 결의문을 읽고 들은 교직원들은 금세 눈시울이 붉어졌다. 마지막 진료를 받고 떠나는 환자들에게 손을 흔들며 작별인사를 건네는 사이, 결의문을 낭독하는 자리는 눈물바다가 됐다. 결의문 낭독이 끝나고 삼삼오오 모여 마지막 사진과 인사를 건네는 교직원들의 얼굴에는 아쉬움과 억울함이 동시에 묻어났다. 이들은 서로서로 포옹하며 ""잘 지내라"", ""건강해라"" 등의 이별 인사도 나눴다. 오랜 기간 동안 서울백병원을 다녔다는 한 환자는 교직원들을 상대로 손수 마련한 떡을 나눠주기도 했다. 지하 1층 구내식당 직원들은 마지막 날이라는 점을 못내 아쉬워하며 특식으로 갈비탕을 준비했다. 이날 구내식당을 찾은 직원은 모두 197명, 함께 점심을 같이 하며 서로에게 ""고생 많으셨다""고 위로를 건넸다. 또 서울백병원의 마지막 환자가 될 수도 있는 남은 입원 환자도 이날 식당 직원들이 마련한 병원 식사를 마치고 오후 퇴원 수속을 마무리했다. 구내식당 직원 A씨는 ""'구내식당 밥이 정말 맛있다'는 칭찬이 내 자부심이었다""며 ""20년 가까이 근무했는데 이런 식으로 떠나려니 허무하고 참담한 심정""이라고 말했다. 인제학원 재단본부 측과 교직원 등에 따르면 지난 25일 서울백병원 사무직과 간호직 등 직원 약 400명의 인원이 상계백병원과 일산백병원, 부산백병원, 해운대백병원으로 일괄 전보됐다. 이 가운데 70% 이상의 인원은 부산행이 결정됐다. 전보 조치가 발표되기 전, 혹은 발표가 난 후 사직서를 낸 직원도 상당수다. 특히 육아와 고령의 부모를 모시는 직원들은 하루 아침에 부산으로 내려가라는 재단측의 요구를 받아들일 수 없었다. 더욱이 교수(의사)들의 근무지는 아직 결정나지 않아 당장 다음 날부터 빈 병원으로 출근해야 하는 상황이다. 부산 전보를 받고도 서울백병원에 남기로 한 직원들도 그대로 출근한다. 교직원들은 ""법인은 자신들이 통보한 진료종료일을 이틀 앞둔 29일 자로 전보 발령 동의서에 서명하지 않은 직원들까지 강제 전보 발령을 냈다""며 ""전보자는 각 병원에 소집하도록 압박하고 있으며 소집에 응하지 않을 시에는 인사상 불이익을 주겠다고 협박하고 있다""고 비판했다. 그럼에도 서울백병원에 남겠다고 다짐한 직원들은 출근을 계속하며 '투쟁'을 이어 나가겠다고 밝혀 재단과 교직원들의 갈등은 계속해서 이어질 것으로 예상된다. 또 9월 중순쯤 결과가 나올 것으로 예정되는 가처분 결과도 향후 폐원 과정에 영향을 줄 것으로 보인다."	"""Today is the last day of treatment""... Seoul Paik Hospital became a sea of ​​tears"	" Inje University Seoul Paik Hospital ended its treatment on the 31st . Staff who were forced to leave and those who stayed comforted each other . The faculty members demanded, ""We must punish all those involved in the illegality and irregularities that occurred during the decision to close the hospital and the process"""
N29	2023-09-01	Social	https://n.news.naver.com/mnews/article/011/0004232640?sid=102	50년 넘게 연락 없다가 아들 사망보험금 챙긴 친모…법원 판단은	50년 넘게 연락을 끊고 살다가 아들이 사망하자 보험금을 챙기려고 나타난 80대 친모가 고인의 사망 보험금과 관련한 소송에서 1심에 이어 항소심도 승소했다. 부산고법 2-1민사부는 31일 오후 ‘공탁금 출급청구권 확인’ 소송 항소심 선고공판에서 친모 A씨 승소 판결을 내렸다. 앞서 수산업협동조합(수협)은 법원에 A씨 아들인 김종안씨의 사망 보험금 2억3000여 만원을 공탁했었는데 A씨는 이 돈에 대한 청구권을 주장하며 소송을 제기했다. 재판부는 이날 선고 이전에 화해권고결정을 통해 A씨에게 김씨 사망 보험금의 일부인 1억원을 고인의 친누나인 김종선 씨에게 지급하라는 중재안을 제시했으나 A씨는 이를 거부했다. 선고 직후 누나 김종선씨는 “너무 참담하다. 우리는 동생 시신을 찾지도 못하고 있는데, 2살 때 동생을 버린 생모를 법원이 인정해 준다는 게 말이 되느냐”고 울분을 감추지 못했다. 이어 “이번 소송 진행 과정에서 친모 측이 동생의 집과 자산을 본인들 소유로 돌렸다는 것을 알게 됐다”며 “그걸 안 날 그 사람들을 다 죽이고 나도 죽으려 했지만 법을 바꾸려고 그러지 않았다”고 설명했다. 또 “부모 의무를 다하지 않는 사람은 법적 권리를 박탈해야 한다”며 “당연히 대법원까지 갈 것이고 윤석열 대통령과 한동훈 법무부 장관도 찾아갈 것이다”고 말했다. 김종안씨는 2021년 1월 23일 경남 거제 앞바다에서 어선을 타다 폭풍우를 만나는 바람에 실종됐다. 사고 이후 고인 앞으로 사망 보험금 2억3000여 만원과 선박회사의 합의금 5000만원 등 3억원의 보상금이 나왔다. 이 소식을 듣고 나타난 A씨는 민법의 상속 규정을 내세우며 “보상금을 가져가겠다”고 주장해 법정 다툼이 시작됐다. A씨는 고인이 2살이던 54년 전 자녀들을 버리고 사라진 뒤 지금까지 아무런 연락 없이 지내왔다. 김종선씨는 이처럼 양육 의무를 지키지 않은 부모의 재산 상속을 금지하는 일명 ‘구하라법’의 조속한 국회 통과를 촉구하고 있다. 서영교 더불어민주당 의원이 2021년 관련 법안을 내놨고, 법무부도 지난해 6월 비슷한 내용의 법안을 국회에 제출하는 등 이미 여러 법안이 국회에 올라왔다. 하지만 여야 정쟁에 밀려 논의조차 되지 못한 채 계류되고 있는 실정이다. 이들 민법 개정안은 가수 고 구하라씨의 오빠 구호인씨가 “어린 구씨를 버리고 가출한 친모가 구씨 사망 이후 상속 재산의 절반을 받아 가려 한다”며 이를 막기 위해 입법을 청원하면서 ‘구하라법’으로 불리고 있다. 이날 항소심 재판을 지켜본 ‘구하라법 통과 국민참여연대’의 김노영 소장은 “구하라법이 3년째 국회에 계류 중인데 오늘 판결을 보니 국민의 한 사람으로서 울분이 치솟는다”며 국회를 향해 구하라법의 조속한 통과를 촉구했다.	The mother of her son's death insurance after not contacting her for over 50 years... the court judgment	 After living off contact for over 50 years, when her son died, her mother in her 80s appeared to collect insurance money . Mr. A has not been contacted until now since her deceased abandoned her children 54 years ago when she was 2 years old and disappeared . Kim Jong-seon is urging the swift passage of the so-called 'Goo Hara Act' in the National Assembly .
N30	2023-09-01	Life/Cultures	https://n.news.naver.com/mnews/article/016/0002191219?sid=103	1∼7월 라면 수출액 7000억원 , 사상 최대…K-콘텐츠 확산 영향	"올해 1~7월 한국 라면의 수출액이 처음으로 5억달러를 넘으며 동기간 기준 사상 최대치를 기록했다. 주요 원인으로는 K-콘텐츠 확산이 꼽힌다. 한국 영화와 TV 예능 프로그램 등에서 라면을 먹는 모습이 노출되며 한국 라면에 대한 관심이 커졌다는 것이다. 1일 한국농수산식품유통공사(aT)와 관세청 등에 따르면 올해 들어 7월까지 라면 수출액은 5억2202만9000달러(한화 6920억원 가량)로 집계됐다. 기존 최대치였던 지난해 1∼7월 수출액(4억4334만1000달러)보다 17.7% 증가했다. 1∼7월 라면 수출액은 2015년부터 매년 늘었다. 2015년 1억2172만4000달러에서 2017년 2억309만2000달러로 2억달러 선을 넘었고, 2020년 3억5856만3000달러로 상승한 뒤 지난해에는 4억4334만1000달러, 올해 5억달러대를 기록했다. 연간 기준으로 지난해 7억6543만달러를 기록한 라면 수출액은 올해 10억달러를 돌파할 가능성도 있다. 1∼7월 라면 수출량은 2015년 3만304.7t에서 올해 13만4790.5t으로 4.4배가 됐다. 해외에서 한국 라면에 대한 수요가 증가한 주요 원인으로는 K-콘텐츠 확산으로 분석됐다. 영화 '기생충'에 나온 '짜파구리'(농심 짜파게티와 너구리)는 실제 해외에서 큰 주목을 받았다.농심 관계자는 이와 관련, ""한국 문화가 점차 인기를 끌며 한국 라면도 함께 주목받기 시작했다""며 ""2020년 기생충 아카데미 수상, 방탄소년단(BTS) 효과를 기점으로 큰 폭의 성장세를 보이고 있다""고 말했다. 소셜미디어(SNS)로 인해 트렌드의 확산 범위는 더 넓어졌다. 삼양식품 불닭볶음면의 경우 BTS 지민이 라이브 방송 등에서 먹는 모습이 화제가 되며 이 제품을 먹는 SNS 챌린지가 각국에서 진행되기도 했다. 코로나 팬데믹으로 간편식 특수가 지속된 것도 한국 라면 수출에 긍정적인 영향을 미쳤다. 업계 관계자는 ""한국 라면은 한 끼 식사 개념으로 깊은 맛과 충분한 영양을 제공하고 한국 음식문화를 함께 전하는 장점을 가지고 있다""고 설명했다. 해외 각국에서 수요가 늘며 각 라면업체는 생산량을 늘리기 위해 생산시설 증설에 나서고 있다. 삼양식품은 지난해 5월 수출용 제품을 전담 제조하는 밀양공장을 준공한 데 이어 올해는 이 공장 부지에 2공장을 신설하기로 결정했다. 농심은 지난해 미국 2공장을 완공해 공급량을 확대했고, 이르면 2025년 미국 3공장 착공에 나선다.미국 사업이 성장세를 보이자 농심은 오는 2030년까지 미국 라면시장에서 1위에 오르겠다는 목표를 제시하기도 했다. 업계와 학계에서는 앞으로 한국 라면에 대한 수요가 더 증가할 것으로 보고 있다. 삼양식품 관계자는 ""K-콘텐츠의 세계화와 더불어 K-푸드 수요가 전 세계적으로 더 늘어날 것으로 보인다""며 ""엔데믹(감염병의 풍토병화)과 인플레이션으로 합리적 소비 니즈(요구)가 늘었고, K-콘텐츠 확장에 따른 K-푸드의 수요가 더해져 한국 라면 매출은 지속 확대될 것으로 전망한다""고 말했다. 서용구 숙명여대 경영학부 교수도 ""MZ세대를 중심으로 한국 라면에 대한 수용성이 높다""며 ""수요 증가세는 이어질 것""이라고 내다봤다."	From January to July, exports of ramen reached 700 billion won, the highest ever... K-Content Spreading Impact	 From January to July this year, exports of Korean ramen exceeded $500 million for the first time . The amount of ramen exports until July of this year was 522,029,000 dollars (approximately KRW 692 billion) It increased by 17.7% from the previous peak of exports (443.341 million dollars) of last year . The main reason is the spread of K-content .
N31	2023-09-01	Life/Cultures	https://n.news.naver.com/mnews/article/008/0004932019?sid=103	" 돌풍·번개 동반 '강한 비'…기상청 ""하천 주의""[오늘 날씨]"	"목요일인 오늘(31일)은 일부 지역을 중심으로 돌풍과 천둥 번개를 동반한 강한 비가 내리겠다. 31일 기상청에 따르면 오늘은 전국이 대체로 흐린 가운데, 경남권과 제주도를 중심으로 돌풍과 천둥·번개를 동반한 강한 비가 오는 곳이 있겠다. 어제부터 오늘까지 예상 강수량은 △수도권 5㎜ △강원 영동 5~30㎜ △대전·충남 남부 내륙 20~60㎜ △충북 30~80㎜ △전북 30~80㎜ △광주·전남 30~100㎜ △부산·울산·경남 50~120㎜ △제주 30~80㎜ 등이다. 기상청은 ""짧은 시간에 강한 강수가 내리면서 하천물이 갑자기 불어날 수 있다""며 ""하천 접근 및 야영을 자제하고, 하늘이 갑자기 어두워지는 경우 안전한 곳으로 이동해야 한다""고 당부했다. 이날 아침 최저기온은 19~25도, 낮 최고기온은 25~30도로 예보됐다. 주요 도시 예상 최저기온은 △서울 21도 △인천 21도 △춘천 20도 △강릉 22도 △대전 20도 △대구 22도 △전주 21도 △광주 21도 △부산 25도 △제주 24도다. 예상 낮 최고기온은 △서울 28도 △인천 27도 △춘천 28도 △강릉 27도 △대전 27도 △대구 28도 △전주 28도 △광주 28도 △부산 29도 △제주 28도다."	"'Strong rain' accompanied by gusts and lightning... Meteorological Agency ""river caution"" [today's weather]"	" Today is mostly cloudy across the country, and there will be strong rain accompanied by gusty winds and thunderstorms in some areas . The Korea Meteorological Administration said, ""The river water can suddenly rise as strong precipitation falls in a short time"" The lowest temperature this morning was predicted to be 19 to 25 degrees, and the highest daytime temperature was 25 to 30 degrees ."
N32	2023-09-01	Life/Cultures	https://n.news.naver.com/mnews/article/018/0005563433?sid=103	K-관광을 세계인의 버킷리스트로 …장미란 차관-이부진 위원장 ‘맞손’	정부가 내년 ‘한국방문의 해’ 성공을 위해 민관협력에 나선다. 또한 내년도 관련 예산을 크게 늘리고 외래관광객 유치 활동에 더 많은 공을 들일 예정이다. 장미란 문화체육관광부 제2차관은 31일 신라호텔에서 열린 한국방문의해위원회 이사회 간담회에 참석하고, 내년까지 이어지는 ‘한국방문의 해’ 성공을 위한 의견을 나눴다. 장미란 차관은 ‘한국방문의 해’ 성공적 추진을 위한 이부진 위원장과 이사들의 관심과 노력에 감사를 표한 뒤 “최근에 K-컬처에 대한 세계인의 관심이 한국을 찾는 발길로 이어지고 있다”며 “이를 적극 활용한 K-관광이 세계인의 버킷리스트가 될 수 있도록 민관 협력을 강화하고 올해 외래관광객 1000만명 목표를 달성하는 데 전념하겠다”고 밝혔다. 이어 장 차관은 관광업계 현장 의견도 청취했다. 장미란 차관은 “K-컬처라는 대체불가능한 무기와 융합한 ‘K-관광’의 영역을 지속적으로 확대하고 특히 스포츠 관광 등 새로운 분야를 적극적으로 발굴해 외국인 관광객들이 한국에서의 특별한 경험을 할 수 있도록 하겠다”면서 “특히 최근 중국 단체관광 재개에 발맞춰 외국인 관광객 방문이 빠르게 회복될 것으로 예상됨에 따라 이를 더욱 가속할 수 있도록 뒷받침하겠다”고 말했다. 한편, 문체부는 2024년 ‘한국방문의 해’ 예산을 전년 대비 78% 증가한 178억 원으로 대폭 확대했다. 더욱 적극적인 외래관광객 유치 활동에 나선다는 계획이다. 향후 대규모 캠페인, K-팝 콘서트 등 메가 이벤트 개최를 통해 방한 관광 분위기를 조성하고, 관광 서비스 품질을 개선해 방한 관광시장 정상화를 추진할 예정이다.	Making K-tourism a global bucket list... Vice Minister Jang Mi-Ran and Chairman Lee Boo-Jin's 'hands-on'	 Second Vice Minister of Culture, Sports and Tourism Jang Mi-ran attended a meeting of the board of directors of the Visit Korea Committee held at the Shilla Hotel on the 31st, and shared opinions for the success of the ‘Visit Korea Year’ that continues into next year . Next year, the relevant budget will be greatly increased and more efforts will be made to attract foreign tourists .
N33	2023-09-01	Life/Cultures	https://n.news.naver.com/mnews/article/052/0001930016?sid=103	 11호 태풍 '하이쿠이' 중국으로...주말 곳곳 국지성 호우[날씨]	우리나라에 영향을 줄 것으로 우려했던 11호 태풍 '하이쿠이'가 다음 주 초쯤 중국 내륙에 상륙할 것으로 보입니다. 다만 태풍이 불어넣는 뜨거운 수증기의 영향으로 주말에는 남해안과 일부 내륙에 국지성 호우가 내릴 전망입니다. 취재기자 연결해 태풍 전망 알아보겠습니다. 김민경 기자! 태풍 '하이쿠이'가 중국에 상륙한다고요? 네, 그렇습니다. 우리나라에 영향을 미칠 것으로 우려했던 11호 태풍 '하이쿠이'가 진행 방향을 서쪽으로 더 틀 것으로 보입니다. 기상청은 오늘 오전 수시 브리핑을 통해 11호 태풍 '하이쿠이'가 다음 주 초 중국 내륙에 상륙할 것으로 보인다고 말했습니다. 북쪽에 차고 건조한 고기압이 버티고 있는 데다, 북태평양고기압이 조금 더 서쪽으로 확장하고, 여기에 강하게 발달한 9호 태풍 '사올라'가 태풍을 서쪽으로 더 끌어당기는 역할을 할 것으로 예상했습니다. 현재 우리나라뿐만 아니라 미국과 일본 기상청도 태풍 예상 진로를 모두 중국 상륙으로 발표한 상태입니다. 예상대로 태풍이 움직인다면 우리나라는 태풍의 직접 영향을 받진 않겠습니다. 한편 9호 태풍 '사올라'는 타이완 남서쪽 해상에서 홍콩 부근 중국 남부로 이동하겠고, 어젯밤 괌 동쪽 해상에서 새로 발생한 12호 태풍 '기러기'는 진로가 유동적인 가운데 다음 주 초 일본 남쪽 해상까지 북상할 전망입니다. 오늘도 영남 해안에는 국지적으로 강한 비가 지속하고 있던데, 주말에도 호우 소식 있다고요? 네, 그렇습니다. 우리나라는 북쪽 찬 공기와 남쪽 더운 공기 사이에서 정체전선이 만들어진 상태입니다. 현재 대한해협 부근에 위치하며 영남 해안에 영향을 주고 있는데요. 주말에는 태풍이 북상하면서 뜨거운 수증기를 불어넣어 정체전선을 더 강화할 것으로 예상됩니다. 기상청은 내일과 토요일, 부산과 울산 등 영남 해안과 제주도에 최고 200mm 이상의 폭우를 예고했습니다. 그 밖의 남부 지방에도 최고 150mm의 국지성 호우가 예상됩니다. 특히 일부 지역에는 돌풍과 천둥·번개를 동반한 시간당 30~60mm의 강한 비가 내릴 것으로 보여 주의가 필요합니다. 또 남해와 서해를 중심으로 만조 시 바닷물 수위가 높아지겠고, 해안가에는 해일 피해 가능성이 커지겠습니다. 지금까지 문화생활과학부에서 YTN 김민경입니다. ※ '당신의 제보가 뉴스가 됩니다' YTN 검색해 채널 추가 02-398-8585 social@ytn.co.kr	Typhoon No. 11 'Haikui' to China... Localized heavy rain all over the weekend [Weather]	 Typhoon No. 11, 'Haikui', which was feared to affect Korea, is expected to change its direction further west . Heavy rain is expected over the weekend on the southern coast and some inland areas . If the typhoon moves as expected, Korea will not be directly affected .
N34	2023-09-01	Life/Cultures	https://n.news.naver.com/mnews/article/032/0003246414?sid=103	팝페라 가수 임형주, 몽골서 교황 집전하는 미사 무대 선다	팝페라 가수 임형주(사진)가 몽골에서 열리는 프란치스코 교황 집전 미사의 행사 무대에 선다. 31일 임형주의 소속사 디지엔콤은 임형주가 내달 3일 몽골 울란바토르 스텝 아레나 경기장에서 열리는 교황 집전 미사 식전행사의 엔딩 무대에 오른다고 밝혔다. 임형주는 이 자리에서 ‘아베 마리아(Ave Maria)’와 ‘유 레이즈 미 업(You Raise Me Up)’ ‘생명의 양식(Panis Angelicus)’ 등을 들려줄 예정이다. 임형주는 이 행사에 한국을 대표하는 음악가로 초청됐다. 몽골 천주교회 측이 임형주를 초청했고, 교황청이 이를 승인했다고 한다. 그는 독실한 가톨릭 신자로 알려져 있다. 2021년부터 가톨릭평화방송(cpbc) FM라디오 ‘임형주의 너에게 주는 노래’의 DJ를 맡고 있다. 지난해에는 고 이태석 신부의 삶을 조명한 다큐멘터리 영화 <이태석>의 내레이션과 주제가에 참여하기도 했다. 살레시오수녀회가 설립한 몽골 노밍요스 중등학교 건립을 도와 명예교장으로 위촉되는 등 몽골과도 인연이 있다.	Popera singer Lim Hyung-joo to perform at a mass in Mongolia to preside over the pope	 Lim Hyungjoo Lim will perform at the ending stage of the Mass before the Pope to be held at the Step Arena in Ulaanbaatar, Mongolia on the 3rd of next month . The Mongolian Catholic Church invited Lim Hyeong-ju, and the Vatican approved it . He is known as a devout Catholic .
N35	2023-09-01	Life/Cultures	https://n.news.naver.com/mnews/article/056/0011557363?sid=103	오늘과 내일 영남·제주에 강한 비…낮기온 30도 안팎	9월의 첫 날인 오늘 중부지방은 대체로 맑겠고, 남부지방과 제주도는 대체로 흐린 가운데 강한 비가 오는 곳이 있겠습니다. 남부지방과 제주도에는 내일도 비가 이어지는 곳이 있겠습니다. 내일까지 예상 강수량은 제주도가 50에서 150mm, 많은 곳은 200mm를 넘겠고, 부산과 울산, 경남 남해안은 30에서 100mm, 최대 120mm 이상의 비가 내리겠습니다. 전남 남해안은 30에서 80mm, 많은 곳은 100mm가 넘겠고, 전남 내륙과 경남 내륙, 대구와 경북 남부 지역은 10에서 50mm의 비가 오겠습니다. 특히 오늘 영남 해안과 제주도에는 천둥·번개가 치면서 시간당 30에서 60mm의 매우 강한 비가 오는 곳이 있겠습니다. 오늘 낮 최고기온은 서울이 30도 등 전국이 27도에서 32도로 어제보다 1도에서 6도 정도 높겠습니다. 바다의 물결은 남해 동부 먼바다에서 최고 5m, 제주도 남쪽 먼바다에서 최고 4m로 높게 일겠습니다. 제주도 해안과 남해안에는 높은 너울이 밀려오는 곳이 있겠고, 만조 때 바닷물 수위가 평소보다 높아지겠습니다. ■ 제보하기 ▷ 전화 : 02-781-1234, 4444 ▷ 이메일 : kbs1234@kbs.co.kr ▷ 카카오톡 : 'KBS제보' 검색, 채널 추가 ▷ 네이버, 유튜브에서 KBS뉴스를 구독해주세요!	Heavy rain in Yeongnam and Jeju today and tomorrow... Low temperature around 30 degrees	 There will be places where there will be very strong rain of 30 to 60 mm per hour with thunder and lightning in the Yeongnam coast and Jeju Island today . It will rain 30 to 80mm in the southern coast of Jeollanam-do, and more than 100mm in many places . The waves of the sea will rise as high as 5m in the far sea in the eastern part of the South Sea .
N36	2023-09-01	Life/Cultures	https://n.news.naver.com/mnews/article/009/0005180379?sid=103	호남·영남·제주 요란한 비...서울 하늘은 모처럼 맑음	오늘은 전남권 및 경상권과 제주도를 중심으로 비소식이 있겠다. 다만 서울과 수도권을 포함한 중부지역은 맑고 덥겠다. 1일 기상청에 따르면 이날 아침 최저기온은 16~24도, 낮 최고기온은 26~31도로 예보됐다. 전날과 체감온도가 비슷하겠다. 주요 도시 예상 최저기온은 ▲서울 30도 ▲인천 28도 ▲춘천 24도 ▲강릉 29도 ▲대전 30도 ▲대구 29도 ▲전주 31도 ▲광주 31도 ▲부산 27도 ▲제주 30도 등이다. 예상 최고기온은 ▲서울 20도 ▲인천 20도 ▲춘천 17도 ▲강릉 20도 ▲대전 18도 ▲대구 22도 ▲전주 20도 ▲광주 21도 ▲부산 24도 ▲제주 25도 등이다. 일부 지역에서는 돌풍을 동반한 비가 내리겠다. 예상 강수량은 광주·전남이 30~80㎜, 전남 남해안 일부가 100㎜ 이상, 전북이 5~40㎜다. 부산·울산·경남·대구·경북·울릉도·독도는 50~150㎜, 부산·울산·경남 남해안·경북 남부 동해안 일부는 200㎜ 이상이다. 제주에는 50~200㎜의 폭우가 쏟아지겠다. 미세먼지 농도는 대기 확산이 원활하고 강수의 영향을 받아 전 권역이 ‘좋음’에서 ‘보통’ 수준을 보이겠다. 당분간 해수면의 높이가 올라오는 기간으로 만조 시 저지대를 중심으로 침수 가능성이 있겠다. 바다의 물결은 동해 앞바다에서 0.5~1.0m, 서해·남해 앞바다에서 0.5~1.5m로 일겠다. 안쪽 먼바다의 파고는 동해 0.5~2.0m, 서해 0.5~4.0m, 남해 1.0~2.5m로 예측된다.	Honam, Yeongnam, Jeju Loud rain...Seoul sky is clear	 Lowest temperature this morning was predicted to be 16 to 24 degrees, and highest daytime temperature predicted is 26 to 31 degrees . Expected minimum temperature for major cities is 30 degrees in Seoul, Incheon, Chuncheon, Gangneung, Daejeon, Daegu, Gyeongbuk, Ulleungdo, and Dokdo are 50 to 150 mm of rain .
N37	2023-09-01	Life/Cultures	https://n.news.naver.com/mnews/article/081/0003389472?sid=103	 2023년 9월 1일[김동완의 오늘의 운세]	쥐 36년생 : 좋은 일에는 시샘도 따른다. 48년생 : 몸과 마음이 편안하다. 60년생 : 지출운 있으나 즐거운 하루. 72년생 : 포기할 줄도 알아야 한다. 84년생 : 경사스러운 일 생기겠다. 소 37년생 : 시간이 해결하니 고민 마라. 49년생 : 행운이 당신을 기다리고 있다. 61년생 : 실수는 한 번으로 끝나야 한다. 73년생 : 재물이 약간 들어오는구나. 85년생 : 추진하면 반드시 성과 있다. 호랑이 38년생 : 주변 사람의 조언을 구하라. 50년생 : 모든 일에 신중을 기하라. 62년생 : 만족할 만한 결과 나온다. 74년생 : 성과가 부진하니 다음을 노려라. 86년생 : 횡재수가 있으니 기쁘다. 토끼 39년생 : 기운 좋은 하루이다. 51년생 : 감정을 풀고 지내라. 63년생 : 새로운 마음가짐이 필요하다. 75년생 : 몸과 마음이 가볍다. 87년생 : 차츰 운이 상승하는 날. 용 40년생 : 마음이 어수선하겠구나. 52년생 : 분수 지켜야 희망 있다. 64년생 : 계획은 내일로 미루지 마라. 76년생 : 인간관계가 순조롭다. 88년생 : 수입이 짭짤한 날이다. 뱀 41년생 : 가족과 시간을 가지는 게 좋다. 53년생 : 초조하게 생각하지 마라. 65년생 : 낙심하지 말고 인내심을 가져라. 77년생 : 주장을 너무 내세우지 마라. 89년생 : 임기응변으로 대처하라. 말 42년생 : 고집스러운 생각 조심하라. 54년생 : 화해하는 자세가 필요하다. 66년생 : 다른 사람 말을 새겨들어라. 78년생 : 감사하는 마음을 가져라. 90년생 : 운기가 양호한 날이다. 양 43년생 : 가까운 사람 때문에 손해 있다. 55년생 : 낙심하지 말고 인내심을 가져라. 67년생 : 욕심만 자제하면 잘 진행된다. 79년생 : 일도 잘되고 마음도 뿌듯하다. 91년생 : 돈이 나가니 조심. 원숭이 44년생 : 소득이 높아지면서 기쁜 하루. 56년생 : 때를 잘 활용하라. 68년생 : 작은 일로 커다란 오해가 생길 수 있다. 80년생 : 학업에 열중하라. 92년생 : 먼 곳에서 연락 오겠다. 닭 45년생 : 공연히 마음만 조급해진다. 57년생 : 돈이 나가니 조심해야겠다. 69년생 : 일도 잘되고 마음도 뿌듯하다. 81년생 : 타인의 말을 새겨들어라. 93년생 : 오후에는 일이 잘 풀린다. 개 46년생 : 이동하면 좋은 일 생기겠다. 58년생 : 가족 화목에 신경 써야 한다. 70년생 : 자신감을 가져라. 82년생 : 상대방의 이해를 먼저 구하라. 94년생 : 가족에게 기쁜 일 생긴다. 돼지 47년생 : 겸손한 마음으로 사람을 대하라. 59년생 : 적극적으로 자신의 자리를 지켜라. 71년생 : 일이 곧 풀릴 것이다. 83년생 : 혼자만의 시간이 필요한 날. 95년생 : 구설수를 조심하라.	September 1, 2023 [Kim Dong-wan's fortune today]	 Rat, 36 years old: Good things follow envy . Rabbit, born in 39: It's a good day. Rabbit born in 51: Let go of your emotions. Rat born in 1948: Body and mind are comfortable. Born in 1952: Don't put off your plans until tomorrow .
N38	2023-09-01	World	https://n.news.naver.com/mnews/article/014/0005065558?sid=104	쓰러지는 '아프리카 민주주의'.. 니제르 이어 가봉서도 쿠데타	"지난 7월 니제르에 이어 8월 가봉에서도 쿠데타가 터지면서 아프리카 중부의 군사정권이 늘어나고 있다. 외신들은 서방 식민지였던 허울뿐인 민주주의 국가들이 쿠데타에 쓰러지고 있다며 아프리카 내 서방의 영향력이 갈수록 줄어든다고 지적했다. AP통신 등 외신들에 따르면 대서양에 접한 중서부 아프리카의 가봉에서는 지난 8월 30일(이하 현지시간) 쿠데타가 발생했다. 이날 쿠데타 군부는 알리 봉고 온딤바 가봉 대통령을 반역죄로 체포하여 가택 연금하고 대통령 경호부대 사령관인 브리스 올리귀 은구마 장군을 재건 위원회 의장으로 선출했다. 이번 쿠데타로 약 56년 동안 이어진 봉고 가문의 세습 정권은 막을 내릴 전망이다. 가봉은 1960년 프랑스에게서 독립했지만 1967년 오마르 봉고 온딤바 전 대통령이 집권한 이후 그가 사망한 2009년까지 약 42년 동안 철권통치를 겪었다. 이후 오마르의 아들인 알리가 2009년 대선에서 당선되어 다시 14년 동안 집권했다. 가봉의 쿠데타는 2020년 이후 아프리카에서 발생한 8번째 쿠데타로 2017년부터 계산하면 17번째다. 외신들은 아프리카 중부에서 잇따라 발생한 쿠데타로 서방의 영향력이 줄어들고 있다고 경고했다. 유럽연합(EU)의 호세프 보렐 외교안보 고위대표는 ""중앙아프리카공화국을 시작으로 말리, 부르키나파소, 니제르, 가봉 등 전 지역이 매우 어려운 상황에 놓여 있다""면서 ""이들 국가와 관련해 우리 정책을 어떻게 개선할지 깊이 생각해야 한다""고 강조했다. 미 월스트리트저널(WSJ)은 8월 30일 보도에서 중부 아프리카에서 쿠데타가 급증한다면 아프리카에서 서방의 영향력이 줄어들 수밖에 없다고 경고했다. 니제르와 가봉 모두 프랑스와 긴밀한 협력 관계를 유지하던 국가였다. 러시아는 민간군사기업 바그너그룹을 내세워 아프리카 내 영향력을 키우고 있으며 말리와 부르키나파소의 쿠데타 정권들은 바그너그룹의 병력을 적극적으로 이용하고 있다. 신문은 아프리카에서 러시아 외에도 튀르키예, 아랍에미리트연합(UAE), 중국의 영향력이 커졌다고 진단했다."	Collapsing 'African Democracy'.. Coup d'état in Gabon following Niger	 A coup d'état occurred on August 30 (local time) in Gabon, in central and western Africa bordering the Atlantic Ocean . The Gabon coup is the eighth coup in Africa since 2020, and the 17th since 2017 . Foreign media warned that the influence of the West is diminishing due to a series of coups in central Africa .
N39	2023-09-01	World	https://n.news.naver.com/mnews/article/001/0014162032?sid=104	"바이든, 산불·허리케인 거론하며 ""누구도 기후위기 부정못해""(종합)"	"(워싱턴=연합뉴스) 강병철 특파원 = 조 바이든 미국 대통령은 30일(현지시간) 하와이 마우이섬 화재 및 허리케인 이달리아와 관련, ""누구도 더 이상 기후 위기의 영향을 부인할 수 없을 것""이라고 말했다. 바이든 대통령은 이날 백악관에서 마우이 화재 및 이달리아 피해에 대한 지원 방침을 밝히면서 ""기록적인 홍수와 극심한 가뭄과 더위, 심각한 산불은 우리가 전에 보지 못한 심각한 피해를 야기하고 있다""면서 이같이 밝혔다. 그는 ""이는 하와이 섬들이나 미국에 국한된 이야기가 아니며 캐나다나 다른 나라에도 해당된다""면서 ""우리가 최근의 극심한 기상 이변에 대응하는 동안 저는 마우이섬의 복구와 재건 노력에 초집중하고 있다""고 말했다. 이어 ""저는 하와이의 전통과 문화, 지역사회의 필요를 존중하는 방식으로 복구와 재건에 필요한 모든 노력을 할 것을 지시했다""고 말했다. 바이든 대통령은 이 자리에서 최악의 산불 피해를 본 하와이 마우이섬에 전력망 복구 등을 위해 9천500만달러(1천255억원)를 지원하겠다고 밝혔다. 인프라법을 통해 지원되는 이 예산은 송전선 강화, 나무 전봇대를 내화 재료로 교체, 스마트 스위치 설치, 안전 지역으로 관제센터 이동 등에 사용될 예정이다. 백악관은 보도참고자료를 통해 ""이 투자는 정전 가능성과 산불 발생 위험을 줄이고 전력망 운영의 탄력성을 높이는데 도움이 될 것""이라고 말했다. 앞서 마우이섬에서는 지난 8일 발생한 산불로 지금까지 115명이 사망했고 수백명의 생사가 확인되지 않고 있다. 마우이 카운티는 강풍에 끊어진 전선으로 산불이 발생했다면서 소송을 제기한 상태다. 바이든 대통령은 100년만의 최악의 산불 참사에도 미국 남서부 주를 방문하는 등 선거운동에 주력하면서 화재 참사 대응에 소극적인 것 아니냐는 비판을 받았다. 특히 현장 방문을 안 하는 것에 대한 지적이 계속되자 하계휴가 중인 지난 21일 마우이섬을 찾은 바 있다. 바이든 대통령은 또 이 자리에서 이달리아 상륙으로 플로리다 등에서 정전, 홍수 피해가 발생한 것과 관련해 공화당 대선주자인 론 디샌티스 플로리다 주지사 등과 수차 통화하고 연방 정부 차원의 지원 방침을 밝혔다고 전했다. 바이든 대통령은 디샌티스 주지사와 대화시 정치적 차이로 인한 문제가 있는지 묻는 말에는 ""오늘날 정치의 특징을 보면 이상하게 들릴 수 있지만 그렇지 않다""면서 ""이것은 정치에 대한 것이 아니라 주(州) 주민들을 돌보는 것에 대한 것""이라고 말했다. 이어 그는 허리케인 등 자연재해에 인해 내달 주요 20개국(G20) 정상회의 참석 등의 일정에 변경이 있을 가능성을 묻는 말에는 ""그럴 수도 있지만 아직은 모르겠다""고 답했다. soleco@yna.co.kr"	"Biden, discussing forest fires and hurricanes, ""no one can deny the climate crisis"" (comprehensive)"	" US President Joe Biden said on the 30th (local time) about the Maui fires and Hurricane Idalia, Hawaii, ""no one will be able to deny the impact of the climate crisis any longer"" President Biden said at the White House that day, ""Record floods, extreme droughts, heat, and severe wildfires are causing serious damage that we have never seen before"""
N40	2023-09-01	World	https://n.news.naver.com/mnews/article/003/0012061245?sid=104	"美 플로리다 강타한 태풍 '이달리아' 위력…""지구 온난화가 키웠다"""	"이동현 인턴 기자 = 허리케인 이달리아가 미국 플로리다주를 강타하며 주민들은 폭풍해일을 피해 대피하고 있다. 미국 AP와 영국 BBC 등 외신은 30일(현지시간) 허리케인 이달리아가 일으키는 폭풍해일의 위력이 강해지는 과정과 예상되는 피해에 대해 전했다. 폭풍해일은 태풍이나 강풍에 의한 해수의 퇴적작용에 의해 해수면이 평상시의 조석보다 상승하는 것을 말한다. 이로 인해 큰 파도가 발생해 많은 양의 바닷물이 내륙으로 밀려오게 된다. 이는 해변 인근 지역을 침수시키고 건물을 무너뜨릴 정도로 강한 파도와 함께 광범위한 홍수로 이어질 수 있다. 플로리다 A&M 환경대학교의 스티븐 모리 교수는 ""물은 질량이 크기 때문에 구조물에 큰 힘을 가하게 된다""며 ""이를 견디도록 설계되지 않은 구조물은 무너지게 된다""고 말했다. 미국 국립기상청에 따르면 이달리아가 상륙한 플로리다주 빅벤드에 있는 스테인해치 강의 수위는 30일 아침 한 시간 만에 30㎝에서 2.4m로 급상승했다. 인근에는 약 500명이 거주하는 스테인해치 마을과 약 700명이 거주하는 시더 케이시가 있다. 모리 교수는 ""이 마을의 어떤 건물도 홍수에 대비되지 않았다""며 ""해당 지역에는 파도를 견딜 수 있을 만큼 안전한 구조물이 없어 주민들은 대피 명령에 귀 기울여야 한다""고 덧붙였다. 허리케인 이달리아가 상륙한 시기는 지구에 달이 가장 가까워지는 슈퍼문이 뜨는 날과 일치한다. 달과 태양의 중력으로 발생한 기조력의 영향으로 만조와 간조의 차이가 생기는 현상을 조수 간만의 차라고 부른다. 모리 교수는 ""폭풍이 닥칠 것으로 예상되는 플로리다는 멕시코만 전체에서 조수간만의 차가 가장 큰 곳""이라며 ""만조와 간조의 차이가 1m 이상""이라고 말했다. 이어 그는 ""이 수치는 그다지 커 보이지 않지만 3m가 넘는 폭풍해일이 동반되면 이야기는 달라진다""고 덧붙였다. 따뜻한 바닷물도 이달리아의 위력을 한층 거세게 만드는 것에 일조했다. 매사추세츠공과대학교(MIT)의 케리 엠마누엘 교수는 ""따뜻한 바닷물을 타고 온 이달리아는 위력이 강해지는 속도의 신기록을 세울 가능성이 있다""고 말했다. 엠마누엘 교수가 이 말을 할 당시 이달리아는 시속 128㎞의 풍속을 기록했다. 하지만 이달리아는 불과 몇 시간 만에 시속 205㎞의 강풍을 동반한 3등급 허리케인으로 발달했다. 따뜻한 바닷물에서 에너지를 얻는 허리케인 특성상 이달리아는 마치 무한리필 뷔페에 있는 것과 같다고 AP는 전했다. 과학자들은 올 여름 북미지역을 덮친 극심한 폭염과 인간이 초래한 기후변화로 인한 해수 온도 상승이 허리케인의 급격한 발달에 영향을 줄 수 있다고 경고했다. 알바니 대학교의 크리스틴 코보시에로 대기과학 교수는 ""이달리아의 강한 위력은 우리가 알고 있는 지구 온난화의 덕을 톡톡히 봤다""고 말했다．"	"Typhoon Idalia, which struck Florida in the United States... ""Global Warming Raised"""	 Storm surge refers to a rise in sea level above normal tides due to the deposition of seawater caused by typhoons or strong winds . As a result, large waves are generated and large amounts of sea water are pushed inland . This could lead to widespread flooding, with waves strong enough to inundate areas near beach and topple buildings .
N41	2023-09-01	World	https://n.news.naver.com/mnews/article/081/0003389483?sid=104	美, 김정은·푸틴 친서 이례적 공개… “북·러 무기거래 협상 진전”	미국이 북러 정상 간 친서 교환 첩보를 이례적으로 공개하며 양국 간 무기 거래를 강하게 경고하고 나섰다. 존 커비 백악관 국가안전보장회의(NSC) 전략소통조정관은 30일(현지시간) 전화 브리핑에서 북러 무기거래 협상 상황을 전하며 지난 7월 북한의 ‘전승절’ 때 세르게이 쇼이구 러 국방장관이 방북한 데 대해 “북한이 러시아에 포탄을 판매하도록 설득하기 위한 것”이었다고 말했다. 그러면서 “쇼이구 방문 이후 북한 지도자인 김정은과 블라디미르 푸틴 러시아 대통령이 서한을 교환해 양자 협력을 강화키로 약속했다”고 전했다. 이어 또다른 그룹이 북러 간 무기 거래를 위한 후속 논의차 평양을 방문했다고도 덧붙였다. 그는 “무기 거래(협상)에 따라 러시아군이 북한으로부터 상당한 수량과 다양한 유형의 탄약을 공급받을 수 있다”면서 “북러 간 무기 거래는 유엔 안전보장이사회 결의를 직접 위반하는 것”이라며 협상 중단을 촉구했다. 이에 대해 드미트리 페스코프 크렘린궁 대변인은 이날 “러시아와 북한은 좋은 관계, 상호 존중하는 관계를 유지하고 있고 이를 더 발전시키고자 한다”며 “다양한 수준에서 접촉이 이뤄지고 있다”고 말했다. 다만 페스코프 대변인은 푸틴 대통령과 김정은 위원장의 서한 교환에 대해서는 별도로 확인하지 않았다. 미국이 북러 간 무기 거래를 문제 삼은 것은 이번이 처음은 아니다. 그러나 양국 간 서한 교환 사실까지 부러 공개한 것은 중국이 미중 갈등 속에 러시아 무기 제공을 주저하는 상황에서 북한이 우크라이나전의 러시아 후방 병참기지로 부상한 것에 대한 경고로 보인다. 북러 무기 거래는 유엔 안보리 결의 위반이지만 북한의 탄도미사일 도발과 마찬가지로 러시아가 안보리 상임이사국인 상황에서 실효적 제재 수단이 거의 없는 실정이다. 한쪽에선 북한이 무기 제공 대가로 러시아로부터 핵미사일 고도화에 필요한 기술을 새로 확보할 수 있다고 우려한다. 유엔 주재 한미일 3국 대사는 이날 백악관 발표 직후 뉴욕 유엔 본부에서 공동선언문을 발표하고 “북러 간 무기 거래는 안보리 결의에 어긋난다”며 협상 중단을 촉구했다.	U.S. Unveils Personal Letters From Kim Jong-un and Putin... “Progress in North Korea-Russia Arms Trade Negotiations”	 The U.S. made an unprecedented public disclosure of information regarding the exchange of personal letters between the leaders of North Korea and Russia . North Korea-Russia arms trade is a violation of UN Security Council resolutions, but like North Korea's ballistic missile provocation, there are few effective means of sanctions given that Russia is a permanent member of the Security Council .
N42	2023-09-01	World	https://n.news.naver.com/mnews/article/025/0003304677?sid=104	32m 그림 속 피 흘리는 청년…“일본, 반성해야”	일본 도쿄 신오쿠보 고려박물관에서 열리고 있는 ‘간토(関東)대지진 100년 전시회’에서 당시의 참상을 고스란히 담은 총 2권으로 이뤄진 32m의 두루마리 그림이 일반에 첫 공개됐다. 고려박물관 전 관장인 아라이 가쓰히로(新井勝紘) 전 센슈대 역사학 교수가 공개한 이 그림의 1권 말미엔 조선인 학살 장면이 생생하게 담겨 있다. 손에 곤봉과 죽창을 든 자경단이 필사적으로 도망치는 조선인들을 뒤쫓고, 학생 모자를 쓴 한 청년은 도망치다 칼에 찔렸는지 어깨부터 팔까지 선혈이 낭자하다. 무장한 군인과 자경단에 쫓기는 조선인들 뒤엔 산처럼 쌓여있는 주검들이 그려져 있다. 그림이 그려진 연대는 간토대지진(1923년 9월 1일)이 일어난 지 3년 뒤인 1926년. 수소문 끝에 작가는 ‘기코쿠(淇谷)’란 필명의 오하라 야이치이(大原弥市)인 것으로 확인됐다. 1862년 후쿠시마에서 태어나 40여년 동안 초등학교 교사로 일했던 기코쿠는 퇴직 후 2년이란 시간을 간토대지진의 참상을 기록하는 데 쏟아부었다. 그는 서문에 “이러한 참화를 조우해, 많은 사람들에게 보여줘 반성의 마음을 촉구하기 위한 것”이란 설명을 남겼다. 고려박물관의 토다 미쓰코 이사는 지난 30일 “일본 정부는 간토 대지진 당시 조선인 학살이 일어났다는 사실을 인정하지 않고 있지만 많은 정부의 공식 문서와 기록화를 통해 학살이 존재했다는 것을 확인할 수 있다”며 “최근 일본 교과서에서는 학살이란 단어가 사라지고 있다”고 우려했다. 그는 “부(負)의 역사를 직면해 실제 일어났던 일을 아는 것부터가 새로운 한일관계의 시작”이라며 “일본 정부의 반성이 필요하다”고 말했다.	A young man bleeding in the 32m painting... “Japan should reflect”	 At the “100 Years Exhibition of the Great Kanto Earthquake” being held at the Shin-Okubo Koryo Museum in Tokyo, Japan, a 32-meter-tall picture scroll made up of two volumes containing the horrors of the time was unveiled to the public for the first time . At the end of the first volume of this painting, which was released by Katsuhiro Arai, a former professor of history at Senshu University, the scene of the massacre of Koreans is vividly depicted .
N43	2023-09-01	World	https://n.news.naver.com/mnews/article/056/0011557142?sid=104	프리고진 사망 며칠 전 영상 공개…로이터 “암살 가능성 인식” [현장영상]	"항공기 추락사고로 숨진 러시아 용병기업 바그너 그룹의 수장 예브게니 프리고진이 사망하기 며칠 전 암살 가능성을 인식하고 있는 영상이 공개됐습니다. 로이터 통신에 따르면 31일(현지시간) 바그너와 연계된 텔레그램 채널 '그레이존'은 프리고진이 아프리카에서 차를 타고 이동하며 카메라를 향해 말하는 모습이 담긴 영상을 공개했습니다. 영상에서 프리고진은 ""내가 살아 있는지 아닌지 궁금해하는 사람들에게 말한다""면서 ""지금은 2023년 8월 하반기 주말이고 나는 아프리카에 있다""고 밝혔습니다. 이어 ""나를 없애는 일이나 사생활, 얼마나 버는지 등에 대해 논하는 사람들에게, 모든 게 괜찮다""고 말했습니다. 그가 언급한 '주말'은 비행기 추락으로 사망한 8월 23일에서 불과 3~4일 전인 19일 또는 20일임을 암시합니다. 로이터 통신은 영상이 촬영된 장소나 날짜를 정확하게 확인할 수는 없었다면서도 프리고진의 군복, 모자, 시계 등이 최근 바그너 그룹이 아프리카에서 촬영했다고 주장하며 공개한 영상 속 모습과 일치하다고 밝혔습니다. 다만 이 영상의 사실 여부 또한 정확하지 않다고 전했습니다. 프리고진의 바그너 부대는 우크라이나 전쟁에서 러시아를 위해 싸웠지만, 러시아 국방부를 상대로 지난 6월 말 반란을 주도했습니다. 러시아는 블라디미르 푸틴 대통령이 복수를 위해 프리고진을 암살했다는 의혹이 제기되자 ""완전한 거짓말""이라고 일축했습니다. ■ 제보하기 ▷ 전화 : 02-781-1234, 4444 ▷ 이메일 : kbs1234@kbs.co.kr ▷ 카카오톡 : 'KBS제보' 검색, 채널 추가 ▷ 네이버, 유튜브에서 KBS뉴스를 구독해주세요!"	Video released a few days before Prigogin's death... Reuters “Awareness of assassination possibility” [Field video]	 Yevgeny Prigozhin, head of the Wagner Group, a Russian mercenary company, died in a plane crash . A video was released showing the possibility of an assassination days before his death . Prigogine's Wagner unit fought for Russia in the war in Ukraine, but led an uprising against the Russian Ministry of Defense in late June .
N44	2023-09-01	World	https://n.news.naver.com/mnews/article/469/0000758055?sid=104	"엔비디아 ""美 행정부, 중동에도 AI반도체 수출 제한했다"""	"하고 있는 것으로 나타났다. 엔비디아의 고성능 그래픽처리장치(GPU)는 챗GPT 같은 생성형 AI를 위한 거대언어모델(LLM)을 개발하는 핵심 부품이다. 을 내민 셈이다. 30일(현지시간) 로이터 등에 따르면 엔비디아는 28일 증권거래위원회(SEC)에 제출한 2분기 실적보고서에서 이 같은 사실을 공개했다. 엔비디아는 "" ""며 ""이에 A800이나 H800같이 라이선스 요구 사항이 적용되지 않는 대체 제품을 중국에 판매했다""고 밝혔다. 다만 엔비디아는 중동의 어느 국가가 수출 허가를 받아야 하는지는 알리지 않았다. A100과 H100은 엔비디아의 AI용 GPU다. AI가 방대한 양의 텍스트나 이미지, 숫자 등을 학습하는 작업의 필수품이다. 미국 정부는 중국의 AI 기술 발전이 미국 안보를 위협한다고 보고 지난해 8월부터 엔비디아가 A100과 H100 반도체를 중국에 수출하는 것을 금지했다. 그러나 중국 시장을 포기할 수 없던 엔비디아가 중국 판매용으로 성능이 저하된 H800, A800 모델을 개발했다. 로 풀이된다. 최근 중국은 중동 지역과 교역량을 늘리는 동시에 외교 분야에서도 중재자 역할을 자처하고 있다. 특히 사우디아라비아는 중국과 전략적 동맹을 맺고 인공지능 프로젝트 협업에 나서기로 한 상황이다. 을 취할 가능성이 커 보인다. 챗GPT 이후 생성형 AI 개발 경쟁이 심화되면서 기업뿐 아니라 각국이 엔비디아 칩 구하기에 총력을 기울이고 있어서다. 실제 으로 알려졌다. 엔비디아는 ""새로운 제한에도 불구하고 엔비디아의 수익에는 큰 영향을 미치지 않는다""며 ""문제 해결을 위해 미국 정부와 협력하고 있다""고 밝혔다."	"Nvidia ""US administration restricted AI semiconductor exports to the Middle East"""	" Nvidia's high-performance graphics processing unit (GPU) is a key component in developing a large language model (LLM) for generative AI such as ChatGPT . Nvidia disclosed this fact in its second quarter earnings report submitted to the Securities and Exchange Commission (SEC) Nvidia said, ""As a result, it has sold alternative products to China that are not subject to licensing requirements"""
N45	2023-09-01	World	https://n.news.naver.com/mnews/article/025/0003304736?sid=104	"러시아 첫 자이언트 판다 태어났다…""러·중 협력 결과"""	"러시아 모스크바 동물원에서 러시아 최초로 자이언트 판다가 태어났다. 31일(현지시간) 타스 통신 등에 따르면 세르게이 소뱌닌 모스크바 시장은 전날 텔레그램을 통해 ""러시아 역사상 최초의 자이언트 판다 새끼가 모스크바 동물원에서 태어났다""고 알렸다. 새끼 판다는 150ｇ의 몸무게로 태어났고, 성별은 알려지지 않았다. 새끼 판다는 2019년 러시아와 중국 수교 70주년을 기념해 모스크바에 도착한 '루이'(수컷)와 '딩딩'(암컷) 사이에서 태어났다. 당시 판다 전달식에는 블라디미르 푸틴 러시아 대통령과 시진핑 중국 국가주석이 정상회담을 마치고 나란히 참석했다. 모스크바 동물원은 우리 내부를 전면 개조했고, 직원들은 중국 판다 센터에서 수개월간 판다 관리법을 배웠다. 이번 임신에는 중국 전문가들이 러시아로 찾아와 도움을 줬다. 소뱌닌 시장은 ""러시아 전문가와 중국 동료가 협력한 결과""라며 ""러시아와 세계 자연보호계에 기념비적인 일""이라고 의미를 부여했다. 판다는 보통 8∼10세에 번식할 준비를 하는데, 루이와 딩딩은 각각 7살, 6살의 어린 나이에 새끼를 낳았다. 중국은 판다를 우호국에 대여해주면서 외교에 활용하고 있다. 루이와 딩딩은 15년 임대로 러시아에 온 것으로 전해졌다. 중국이 임대 방식을 도입한 건 1981년 '멸종위기에 처한 야생 동식물종의 국제 거래에 관한 협약'(CITES)에 가입하면서다. 중국은 전 세계에 판다 70여마리를 대여한 것으로 알려졌다."	"Russia's first giant panda born... ""Results of Russia-China Cooperation"""	 Russia's first giant panda cub has been born at the Moscow Zoo . The baby panda was born between 'Louis' (male) and 'Dingding' (female) Pandas usually prepare for breeding at the age of 8 to 10, but Rui and Dingding gave birth to cubs at the young age of 7 and 6 .
N46	2023-09-01	World	https://n.news.naver.com/mnews/article/023/0003785097?sid=104	81세 美상원 1인자, 회견 중 30초간 멍~, 정치권 또 나이 논쟁	미국에서 고령의 정치인들이 공식 석상에서 잇달아 인지 능력과 관련한 실수를 하는 장면이 공개되면서 논란이 일고 있다. 미치 매코널(81) 공화당 상원 원내대표는 지난 30일(현지 시각) 지역구인 켄터키주 커빙턴에서 열린 기자 회견 도중 약 30초간 답변을 멈추고 얼어붙은 듯한 모습을 보였다. 그는 기자가 2026년 선거에 다시 출마할지 여부를 묻자, 질문을 다시 해달라고 두 차례 반복한 뒤 입을 다물고 앞쪽을 바라본 채 무(無)반응 상태에 빠졌다. 보좌관이 다가와서 “질문을 들으셨냐”고 확인하고 기자들을 향해 “크게 말해달라”면서 수습하는 동안 매코널은 정신을 차렸다. 매코널 대표의 대변인은 “잠시 현기증을 느껴 (동작을) 멈췄다”고 해명했다. 매코널 대표는 지난 7월에도 의회에서 기자 회견을 하던 중 19초간 말을 하지 못하고 마비된 듯한 모습을 보였다. 매코널은 지난 3월 워싱턴 DC의 한 호텔에서 열린 선거 자금 모금 행사에서 넘어져 뇌진탕으로 치료를 받기도 했다. 그 이후에도 언론 보도를 통해 알려진 낙상 사고만 2번 더 있었다. 파이낸셜타임스(FT)는 “매코널로 인해 워싱턴 거물 정치인들의 나이와 건강에 대한 불편한 질문이 다시 제기되고 있다”고 했다. 민주당에서도 다이앤 파인스타인(90) 상원의원에 대한 우려가 나오고 있다. 1992년 첫 선출돼 31년째 상원의원직을 유지하고 있는 그는 공화당·민주당을 통틀어 현재 상원에서 가장 나이가 많다. 파인스타인은 지난 2월 대상포진 판정을 받고 입원하면서 3개월가량 업무를 보지 못했다. 지난 5월 복귀했지만 지난 7월 열린 법사위 표결 과정에서 비틀거리거나 제대로 답변을 하지 못했다. 8월 초에는 자택에서 넘어져 입원했다는 소식이 알려지기도 했다. 민주당 내부에서도 파인스타인이 상임위 등에 자주 불출석하면서 표결에 불리하다는 불만도 제기됐다. 이에 파인스타인은 지난 2월 “다음 선거에 나가지 않고 2024년 말 은퇴할 계획”이라고 밝혔다. 미 언론들은 대선 후보들의 나이 문제도 다시 부각시키고 있다. 최고령 현역인 민주당 조 바이든(81) 대통령은 공식 석상에서 말실수를 하거나 발을 헛디뎌 넘어질 뻔한 적이 여러 차례였다. 그가 재선할 경우 오는 2028년 86세로 임기를 마치게 된다. 재선에 도전하는 공화당의 도널드 트럼프(77) 전 대통령도 당선될 경우 4년 임기를 마치는 나이가 82세에 달한다. 양당에선 “대통령 후보의 단점을 보완해 줄 젊고 신선한 부통령 후보가 필요하다”는 말이 나온다.	81-year-old U.S. Senator No. 1, bruised for 30 seconds during interview, age debate again in politics	 Republican Senate Majority Leader Mitch McConnell (81) stopped answering for about 30 seconds during a press conference held in Covington, Kentucky, a constituency on the 30th (local time), and looked frozen . McConnell was treated for a concussion after falling at a campaign fundraising event at a hotel in Washington, DC, in March . Senator Diane Feinstein (90) was hospitalized after being diagnosed with shingles in February and was unable to work for about three months .
N47	2023-09-01	IT/Science	https://n.news.naver.com/mnews/article/138/0002155648?sid=105	애플 아이폰15 초대하자마자…구글, 픽셀폰 10월4일 공개 예고	애플이 아이폰15 시리즈를 공개하는 이벤트 초대장을 발송한지 하루만에 구글도 신규 제품 출시를 위한 초대장을 배포했다. 이를 통해 새로운 픽셀폰이 공개될 것으로 기대된다. 30일(현지시간) 더버지와 나인투파이브 구글 등 미IT전문매체들은 구글이 오는 10월 4일 오전 10시 뉴욕에서 열리는 ‘메이드 바이 구글 이벤트’ 초대장을 배포했다고 전했다. 구글은 지난해와 마찬가지로 미국 뉴욕에서 이벤트를 개최한다. 행사는 유튜브와 구글 스토어 웹사이트 등을 통해 실시간 스트리밍 될 계획이다. 이번에 공개되는 구글의 디바이스는 ‘픽셀폰8’ 시리즈와 스마트워치인 ‘픽셀워치’ 그리고 ‘픽셀 버즈 A 시리즈’가 유력시되고 있다. 앞서 구글 ‘픽셀폰8’ 시리즈로 추정되는 기기들이 미국 연방통신위원회(FCC)의 전파인증을 완료하면서 출시가 임박했음을 알려주기도 했다. 픽셀폰8 시리즈는 구글의 텐서 G3 칩이 탑재된다. 9개의 CPU 코어 구성으로 전작 대비 성능이 향상됐을 것으로 유추된다. 카메라는 5000만화소 기본 카메라와 6400만화소 초광각 소니 카메라 모듈이 장착될 것으로 기대된다. 50% 더 많은 빛을 받아들여 사진 결과물의 품질을 올려줄 것으로 예상된다. 5000mAh 배터리 사용량과 27W 충전효율을 보여준다. 측면 곡선이 보다 강조되는 디자인이 채택된 것으로 추정되기는 하나 기존 플랫 화면으로 돌아올 수도 있다는 엇갈린 추정이 새어 나오고 있다. 스마트워치의 경우 퀄컴 스냅드래곤 W5 1세대 기반으로 전력효율성이 크게 증가할 것으로 보인다.	As soon as Apple invites iPhone 15... Google announces Pixel phone release on October 4th	 'Made by Google event' to be held in New York, USA on October 4 at 10am (local time) The event will be streamed live through YouTube and the Google Store website . Google's devices to be released this time are the 'Pixel Phone 8' series, the smart watch 'Pixel Watch' and 'Pixel Buzz A series' The Pixel Phone 8 series is equipped with Google's Tensor G3 chip . It is inferred that performance has improved .
N48	2023-09-01	IT/Science	https://n.news.naver.com/mnews/article/005/0001635070?sid=105	실컷 먹어도 OK… ‘꿈의 비만 치료제’ 국내서 개발 성큼	국내 연구진이 식사 조절 없이 살을 뺄 수 있고 요요현상도 나타나지 않는 ‘꿈의 비만 치료제’ 개발에 한 걸음 다가섰다. 기초과학연구원(IBS) 인지 및 사회성 연구단 이창준 단장 연구팀은 “뇌 속 별모양의 비신경세포 ‘별세포’에서 지방 대사 조절 원리를 찾았다”고 31일 밝혔다. 이와 함께 “직접 개발한 신약 ‘KDS2010’을 투여한 동물 실험에서 식사량 조절 없이 체중 감량에 성공했다”고 설명했다. 공복감과 체내 에너지 균형은 뇌의 측시상하부가 관장하지만, 그동안 정확한 지방 대사 조절 기전은 밝혀지지 않았다. 연구팀은 측시상하부의 신경세포 군집 ‘GABRA5’이 체중 조절의 스위치라는 점을 밝혀냈다. 비만 쥐를 대상으로 GABRA5 신경세포의 활성화 실험을 진행해보니 신경세포가 활성화되고, 지방 조직의 열 발생을 촉진하면 식사량 조절 없이 체중이 감소했다. 또 GABRA5 신경세포를 조절하는 게 측시상하부의 별세포라는 점도 확인했다. 연구진은 이를 활용해 KDS2010이란 물질을 만들었다. 현재 임상 1상 시험 중이다. 사문선 박사후연구원은 “기존의 시상하부를 표적한 비만 치료제와 달리 비신경세포인 별세포에 주목했고 반응성 별세포가 비만의 원인이라는 걸 밝혔다”고 말했다. 이 단장은 “차세대 비만 치료제로 부상할 KDS2010으로 식욕 억제 없이 효과적인 비만 치료가 가능할 것”이라며 “동물 실험을 통해 요요현상도 거의 나타나지 않았다”고 설명했다. 연구 결과는 네이처 자매지이자 대사 분야 세계적 학술지 ‘네이처 메타볼리즘’ 9월 1일 온라인판에 게재됐다.	It's OK to eat as much as you want... Development of ‘dream obesity treatment’ in Korea	 A Korean research team has taken a step closer to developing a “dream obesity treatment” that can lose weight without diet control and does not cause the yo-yo phenomenon . The sense of hunger and energy balance in the body are controlled by the hypothalamus of the brain, but the exact mechanism of fat metabolism control has not been revealed .
N49	2023-09-01	IT/Science	https://n.news.naver.com/mnews/article/009/0005180193?sid=105	카카오 소상공인에 5년간 300억원 지원	카카오가 소상공인과의 동반성장을 위한 체계적인 협력과 지원에 나선다. 카카오는 서울 여의도 소상공인연합회 본부에서 31일 오세희 소상공인연합회장, 홍은택 카카오 대표이사가 참석한 가운데 소공연과 '소상공인의 지속가능한 발전과 디지털 전환 지원을 위한 업무협약'을 체결했다고 밝혔다. 카카오와 소공연은 소상공인 경쟁력 제고를 위해 실질적이고 지속적인 방안을 마련해 협력하기로 했다. 이를 위해 카카오는 2028년까지 5년간 총 300억원을 지원한다. 이는 카카오가 지난해 4월 발표한 사회와 함께하는 지속가능성장 방안에 따른 총 3000억원 규모 상생기금 지원의 일환이다.	30 billion won support for 5 years for Kakao small businesses	 Kakao embarks on systematic cooperation and support for shared growth with small businesses . Kakao will provide a total of 30 billion won for five years until 2028 . This is part of the 300 billion won Win-Win Growth Fund support announced by Kakao in April last year .
N50	2023-09-01	IT/Science	https://n.news.naver.com/mnews/article/025/0003304497?sid=105	LG CNS, 구글 클라우드와 ‘생성형 AI’ 동맹	LG CNS가 구글 클라우드와 생성형 인공지능(AI) 사업 협력 강화에 나선다. LG CNS는 현신균 대표가 29일(현지시간) 미국 캘리포니아주 샌프란시스코에서 열린 ‘구글 클라우드 넥스트 2023’ 콘퍼런스에서 토마스 쿠리안 구글 클라우드 CEO 등과 최고임원회의를 가졌다고 31일 밝혔다. 양사는 생성형 AI와 구글 클라우드 사업 협력 방안에 대해 논의했다. 이를 토대로 구글 생성형 AI 사업에 대한 협업 및 공동 개발에도 나설 계획이다. LG CNS는 ‘구글 클라우드 파트너 어워즈 2023’에서 한국의 ‘판매(Sales Partner of the Year)’ ‘서비스(Services Partner of the Year)’ 2개 부문 수상자로 선정됐다. 현 대표는 “클라우드 모든 영역에서 1등 사업자의 입지를 더욱 공고히 할 것”이라며 “구글 클라우드와의 전략적 협업을 통해 국내 생성형 AI역량을 강화해 나가겠다”고 말했다.	LG CNS, Google Cloud and ‘generative AI’ alliance	" LG CNS CEO Hyun Shin-kyun held a top executive meeting with Google Cloud CEO Thomas Kurian at the Google Cloud Next 2023 conference held in San Francisco, California, on the 29th (local time) The two companies discussed ways to cooperate in generative AI and Google Cloud business . LG CNS was selected as the winner in two categories at the ""Google Cloud Partner Awards 2023"""
N51	2023-09-01	IT/Science	https://n.news.naver.com/mnews/article/032/0003246233?sid=105	LK-99 검증위 “국내 4개 연구기관 분석 결과, 초전도 특성 없어”	퀀텀에너지연구소 등이 만들었다고 주장하는 상온 초전도체 ‘LK-99’의 진위를 확인 중인 한국초전도저온학회 LK-99검증위원회가 “국내 4개 연구기관에서 재현 실험을 한 결과, 현재까지 초전도 특성을 보여주는 사례는 없었다”고 밝혔다. 국내 최고 권위인 학회가 퀀텀에너지연구소 측 설명대로 초전도성 있는 샘플을 만드는 데 실패한 것으로, 사실상 LK-99의 신뢰성은 바닥난 상황이다. 검증위는 31일 서울대 복합물질상태연구단, 한양대 고압연구소, 부산대 양자물질연구실, 포항공대 물리학과 연구팀 등 국내 4개 연구기관에서 LK-99 재현 실험을 해 이 같은 결과를 확인했다고 이날 4차 서면 브리핑을 통해 밝혔다. 서울대와 한양대, 부산대 연구진은 퀀텀에너지연구소 등이 논문에서 밝힌 LK-99 제조 방법을 통해 재현 샘플을 만들었다. 이렇게 만들어진 샘플은 전기 저항이 없는 ‘초전도체’가 아니었다. 전기 저항이 존재하는 ‘반도체’ 또는 ‘부도체’ 특징을 보였을 뿐이다. 포항공대 연구진은 논문에 제시된 제조법이 아니라 불순물이 빠진 ‘단결정’ 형태의 LK-99 재현 샘플을 만들었다. 여기서도 부도체 특성이 확인됐다고 검증위는 설명했다. 단결정에서 이런 성질이 나온 건 최근 독일 막스플랑크연구소에서 발표한 결과와 같다. 이날 공개된 국내 연구기관의 재현 실험 결과는 LK-99가 초전도체가 아닐 가능성에 더욱 무게를 싣게 됐다. 퀀텀에너지연구소의 논문 공개 이후 외국 과학계에선 경쟁적으로 LK-99 샘플을 만들어 특성을 시험했다. 하지만 초전도체 특징을 보였다는 분석 결과는 나오지 않았다. 이와 관련해 국제학술지 네이처는 지난 16일(현지시간) 인터넷을 통해 “LK-99는 초전도체가 아니다”라는 내용의 기사를 실었다. 지난달 22일 퀀텀에너지연구소 등은 영상 127도 이하에서 초전도체로서의 특징을 보이는 물질인 ‘LK-99’를 만들었다는 내용의 연구 결과를 논문사전공개사이트 ‘아카이브’에 공개했다. 현재 이용되는 초전도체는 영하 200도 이하의 극저온에서만 작동하기 때문에 거대한 냉각장치가 필요하다. 검증위는 현재 추가로 4군데 국내 연구기관이 재현 실험을 하고 있다고 밝혔다. 이에 따라 검증위의 최종 분석 결과 발표는 다음달 초쯤이 될 것으로 보인다.	LK-99 Verification Committee “As a result of analysis by 4 domestic research institutes, there is no superconductivity”	 The Korea Superconducting and Low Temperature Society LK-99 Verification Committee is verifying the authenticity of the room-temperature superconductor 'Lk-99' claimed to have been made by the Quantum Energy Research Institute . Four domestic research institutes have made a replica sample of the superconductive material . However, analysis results that showed supercondconductor characteristics did not come out .
N52	2023-09-01	IT/Science	https://n.news.naver.com/mnews/article/421/0007019925?sid=105	요금제 하나로 지상파·종편 다 본다…LGU+, '프리미엄 환승구독'	"(서울=뉴스1) 양새롬 기자 = LG유플러스(032640)는 하나의 요금제로 원하는 인기 방송콘텐츠 VOD(주문형 비디오)를 시청할 수 있는 '프리미엄 환승구독' 요금제를 업계 최초로 출시한다고 31일 밝혔다. 이 요금제는 KBS, MBC, SBS, JTBC, TV조선, 채널A, MBN 등 주요 방송사의 방송콘텐츠 11만여 편을 하나의 요금제로 이용할 수 있는 상품이다. 이에 따라 다음달부터 월 1만6500원 U+tv 프리미엄 요금제에 8800원을 더 지불해 이 요금제(월 2만5300원, 인터넷 결합+3년 약정 시)를 이용하면 지상파 3사와 종편 4사의 방송콘텐츠를 VOD 월정액 상품 하나의 이용료로 시청할 수 있다. 기존 OTT(온라인 동영상 서비스) 플랫폼에 흩어져 있는 콘텐츠를 OTT 구독료보다 저렴한 가격으로 시청할 수 있다는 게 장점이라고 LG유플러스는 설명했다. 앞서 LG유플러스는 U+tv를 OTT 시청에 최적화된 'U+tv 넥스트 2.0'로 업그레이드한 바 있다. U+tv 넥스트 2.0은 UHD3·UHD4·사운드바 블랙 셋톱을 이용 중인 고객이라면 이용 가능하며, 이 요금제 또한 해당 셋톱 이용 고객이라면 가입할 수 있다. UHD2와 기존 사운드바 이용 고객에게는 연내 적용될 예정이다. 이건영 LG유플러스 홈미디어트라이브장(상무)은 ""합리적인 가격으로 인기 있는 콘텐츠를 골라 볼 수 있는 환승구독을 비롯해 U+tv의 시청경험을 혁신할 수 있는 새로운 서비스·상품을 출시하겠다""고 말했다."	I watch both terrestrial and comprehensive channels with one rate plan... LGU+, 'Premium Transit Subscription'	 LG U+ announced on the 31st that it will launch a 'premium transfer subscription' rate plan that allows you to watch popular broadcasting content VOD (Video on Demand) with one rate plan . This rate plan is a product that allows users to use 110,000 episodes of broadcasting content from major broadcasters such as KBS, MBC, SBS, JTBC, TV Chosun, Channel A, and MBN .
N53	2023-09-01	IT/Science	https://n.news.naver.com/mnews/article/421/0007022304?sid=105	"'슬램덩크' 넘어선 국산 웹툰 굿즈…팝업스토어만 열면 ""50만원은 기본"""	"(서울=뉴스1) 손엄지 기자 = 국산 웹툰 지식재산권(IP)으로 만든 굿즈를 판매하는 팝업스토어가 인기다. 카카오엔터테인먼트와 네이버웹툰은 꾸준히 웹툰 굿즈 팝업스토어를 선보일 계획이다. 창작자에게 부가적인 수익을 안겨줘 창작자 생태계가 견고해질 수 있다. 대중에게 웹툰 IP를 노출시키면서 웹툰의 대중화도 기대할 수 있다. 1일 업계에 따르면 올해만 웹툰 IP 기반 굿즈를 판매하는 팝업스토어가 세 번 열렸고, 모두 '오픈런' 현상을 만들어 내며 흥행에 성공했다. 네이버웹툰 관계자는 ""냐한남자와 마루는 강쥐 팝업이 흥행하면서 2차 팝업도 9월에 열 예정""이라면서 ""아직 공개할 수는 없지만 연내 또 다른 IP로 팝업을 준비 중""이라고 말했다. 팝업스토어의 흥행은 카카오엔터테인먼트의 웹툰 IP인 '데뷔 못 하면 죽는 병 걸림(데못죽)'에서 시작됐다. 더현대 여의도에서 5월11일 오픈한 데못죽 팝업스토어는 새벽부터 굿즈를 구매하려는 팬들의 줄이 이어지면서 소위 대박을 터트렸다. 더현대 자료에 따르면 오픈 첫날인 11일에는 오픈 전부터 입구에 2000여명이 몰렸다. 슬램덩크 팝업 첫 날 기록한 오픈런 800명 대비 2배 이상의 수치다. 팝업이 진행된 약 2주간 방문 인원은 1만5000여명을 기록했고, 1인당 평균 구매 금액은 50만원으로 집계됐다. 뒤이어 네이버웹툰은 '냐한남자와 마루는 강쥐'를 컨셉으로 팝업스토어를 열며 흥행 분위기를 이어갔다. 스타필드 코엑스몰에서 6월29일부터 7월12일까지 열린 팝업스토어에 해당 기간 약 5만5000여명이 방문했고, 1인 최대 결제 금액은 116만원으로 집계했다. 웹툰 팬덤의 엄청난 구매력을 확인했다. 이어 7월26일 더현대 서울에서 열린 '빵빵이의 일상' 팝업스토어는 새벽부터 인파가 몰리면서 현장 운영 방식을 현장 대기에서 온라인 예약으로 바꾸는 혼란도 빚어졌다. 현장 대기 시스템을 운영할 때는 매일 2000명에 가까운 인파가 현대백화점 지하2층 입구부터 지하철역까지 긴 대기 줄을 만들었다. 이러한 흥행에 네이버웹툰, 카카오웹툰 IP를 기반으로 한 굿즈 팝업스토어는 꾸준히 이어질 것으로 보인다. 굿즈 판매 수익금의 일부는 웹툰 작가에게 돌아간다. 웹툰 작가에게 조회수 외의 수익이 생기면 창작에만 집중할 수 있는 환경을 만들어 창작 생태계가 강화되는 효과를 기대할 수 있다. 네이버웹툰 관계자는 ""네이버웹툰에서 연재하는 창작자들이 웹툰 IP로 수익을 얻을 수 있는 방법은 2013년 9개에서 2022년 21개로 크게 늘었다""면서 ""창작자들은 네이버웹툰의 전방위 지원으로 창작에만 집중할 수 있다""고 설명했다. 팝업스토어의 흥행은 국산 웹툰의 대중화도 이끌 것으로 보인다. 웹툰을 모르는 일반 대중에게도 관련 IP가 노출되기 때문이다. 네이버웹툰은 '냐한남자와 마루는 강쥐' 2차 팝업스토어를 역대 최대 규모인 90평대로 기획했다. 한 업계 관계자는 ""눈길을 사로잡는 공간과 다양한 캐릭터 상품이 많은 사람들에게 노출되면서 인지 효과가 생길 수 있다""면서 ""일부 팬덤이 아니라 모두에게 사랑받는 IP를 만들어내는 게 웹툰 사업자의 목표일 것""이라고 말했다."	"Domestic webtoon goods that go beyond 'Slam Dunk'... If you open a pop-up store, ""500,000 won is basic"""	 Kakao Entertainment and Naver Webtoon plan to continuously introduce webtoon goods pop-up stores . By providing additional revenue to creators, the creator ecosystem can be strengthened . By exposing webtoons IP to the public, we can expect webtoON to become popular . Pop-ups for goods based on Naver and Kakao IPs expected to continue steadily .
N54	2023-09-01	IT/Science	https://n.news.naver.com/mnews/article/366/0000928390?sid=105	“빅테크, 망 투자 비용 분담해야”…한국·EU 통신사업자연합회 공동 성명	한국통신사업자연합회(KTOA)이 31일 유럽통신사업자협회(ETNO)와 빅테크가 망 투자 비용을 분담해야 한다는 내용의 공동성명서를 발표했다 두 협회는 성명서에서 “전 세계 인터넷 통신량의 절반이 넘는 비중을 차지하는 빅테크 기업이 네트워크 유지와 진화를 위한 공정한 비용 부담에 적극적으로 나서야 한다”라고 했다. 망 비용 분담을 의무화하는 정책을 마련해야 한다는 요구다. 이어 “빅테크에 대한 인프라 투자비 분담 목소리는 한국과 유럽의 일이 아니다”라며 “인도, 호주, 브라질과 빅테크의 고향인 미국에서도 높아지고 있다”라고 했다. 유럽의회는 지난 6월 대규모 트래픽을 발생하는 기업의 공정 기여를 요구하는 결의안을 채택했다. 대규모 트래픽을 발생 기업은 넷플릭스, 유튜브 등 콘텐츠 제공 사업자를 말한다. 해당 결의안에는 콘텐츠 제공 사업자가 통신망 구축에 필요한 비용을 공정하게 기여할 수 있는 정책이 필요하다는 내용이 포함됐다.	“Big Tech, network investment costs must be shared”… Korea-EU Telecommunications Operators Association Joint Statement	 The European Parliament adopted a resolution in June demanding fair contributions from companies generating large amounts of traffic . Big Tech companies that account for the largest share of the network should actively bear the burden of fair costs for network maintenance and evolution, the European Telecommunications Operators Association (ETNO) said .
